bank,url
Seishin Shinkin Bank,http://www.seishin-shinkin.co.jp/about/disclosure/index.html
National Bank of Ras Al-Khaimah (P.S.C.) (The),https://rakbank.ae/wps/portal/header/investor-relations/details/?1dmy&current=true&urile=wcm%3apath%3a%2FRAKBank_en%2FRAKBANK%2FHeader%2FInvestorRelations%2FFinancial%2BPerformance%2FQuarterly%2BReports%2F
"Sociedade Para O Financiamento Do Desenvolvimento,Instituição Financeira De Crédito",http://www.sofid.pt/pt/a-sofid/relatorio-e-contas
Aiyl Bank OJSC,https://ab.kg/en/about/finansovaya-analitika/finansovaya-otchetnost
Sparkasse Harburg - Buxtehude,https://www.spkhb.de/de/home/ihre-sparkasse/ihre-sparkasse-vor-ort.html?n=true&stref=hnav
Banca di Verona Credito Cooperativo Cadidavid Societa cooperativa per azioni,http://www.bancadiverona.it/banca/
"Primus Guaranty, Ltd",http://primusfinancial.com/reports/financial-reporting/
Halk Faktoring AS,https://www.halkfaktoring.com.tr/sayfa/yatirimci-iliskileri/faaliyet-raporlari.html
The Toho Bank Ltd,http://www.tohobank.co.jp/english.html
Goldman Sachs (India) Capital Markets Private Limited,http://www.goldmansachs.com/worldwide/india/financials.html
Canada Infrastructure Bank,https://cib-bic.ca/en/about-us/reports-and-transparency/
CARIFERMO - Cassa di Risparmio di Fermo SpA,https://www.carifermo.it/it/Il-bilancio/
VR Bank eG Heuberg-Winterlingen,https://www.vrbank-hw.de/ihre-vr-bank/ueber-uns/zahlen-fakten.html
Public Joint-Stock Company 'Classicbank',http://www.bankclassic.com/pvtnst.html
IGM Financial Inc,https://www.igmfinancial.com/fr/relations-avec-les-investisseurs/information-financiere/rapport-annuel
Addiko Bank AG,https://www.addiko.com/financial-reports/
EQDOM,https://institutionnel.eqdom.ma/espace_media/1
Banco Finantia Spain SA,http://www.bfs.es/institucional/resultados-financieros
SPAR NORD BANK A/S,https://www.sparnord.com/investor-relations/finansiel-kommunikation/risikorapporter/
The Bank of Communications (Hong Kong) Limited,https://www.bankcomm.com.hk/hk/shtml/hk/en/2005773/2500020/list.shtml?channelId=2005773
PT Bank ANZ Indonesia,https://institutional.anz.com/markets/indonesia/en/financial-reports-gcg/quarterly-report
Fellbacher Bank eG,https://www.fellbacher-bank.de/wir-fuer-sie/ueber-uns/zahlen-fakten.html
OASIS CAPITAL B.S.C,http://www.oasiscapitalbank.com/innerpages/financials.htm
Dashen Bank S.C.,https://dashenbanksc.com/annual-reports/
Burgan Yatirim Menkul Degerler Anonim Sirketi,https://www.burganyatirim.com.tr/hakkimizda/finansal-bilgiler
"JSC ""AGROPROSPERIS BANK""",https://ap-bank.com/en/documents
Raiffeisenbank Eifeltor eG,https://www.rb-eifeltor.de/wir-fuer-sie/ueber-uns/zahlen-fakten.html
Moldindconbank SA,http://www.micb.md/activitatea-financiara-ro/rapoarte-anuale-ro/
Banca di Credito Cooperativo di Basiliano,http://www.bccbasiliano.it/template/default.asp?i_menuid=21708
"Union de Credito Promotora para el Desarrollo Economico del Estado de Mexico, S.A. de C.V.",https://ucprodemex.com/ucp/index.php/informacionfinanciera/
Ziraat Bank Georgia,https://www.ziraatbank.ge/ka/financial-reports
CIH Bank,https://www.cihbank.ma/corporate/espace-financier/resultat-financier
Arab Banking Corporation - Tunisie,https://www.bank-abc.com/world/Tunis/En/Financial/Pages/AnnualReports.aspx
Banca dell'Alta Murgia Credito Cooperativo- Societa cooperativa,http://www.bccaltamurgia.it/it/bilancio.html
Washington Federal Inc,https://www.washingtonfederal.com/investor-relations/other-financial-data#sec
BNP Paribas Leasing Solutions AS,https://leasingsolutions.bnpparibas.no/investorinformasjon/aarsrapporter/
HSBC Bank (Vietnam) Ltd,https://www.about.hsbc.com.vn/hsbc-in-vietnam
Bancpost SA,https://www.bancpost.ro/despre-bancpost/guvernanta-corporativa/rapoarte
Banco Integracion SA,http://www.bancointegracion.com.py/balances.aspx
Mastercard,https://investor.mastercard.com/financials-and-sec-filings/sec-filings/default.aspx
SPAREBANK 1 HELGELAND,https://www.sparebank1.no/nb/helgeland/om-oss/investor/finansiell-info/rapporter.html
Banco BAI Europa SA,https://www.bancobaieuropa.pt/institucional/informacao_financeira/relatorios-e-contas
Banco CSF SA,https://www.carrefoursolucoes.com.br/governanca-corporativa/-/categories/596765?p_r_p_categoryId=596765#relatoriosPortal
Cooperativa De Crédito De Livre Admissão De  Lagoa Da Prata E Região Ltda,http://www.sicooblagoacredgerais.com.br/institucional/demonstracoes-contabeis
Sparkasse Mülheim a.d. Ruhr,https://www.bundesanzeiger.de/ebanzwww/wexsservlet?genericsearch_param.fulltext=Sparkasse Mülheim an der Ruhr&genericsearch_param.part_id=22&(page.navid=to_quicksearchlist)=Suchen
Platinum Bank,http://en.platinumbank.com.ua/view.annual/
European American Investment Bank Ag,https://www.eurambank.com/en/euram-bank/publicationsdisclosureslegal-information
Wakayamaken Ishi Credit Cooperative,https://www.wakayamaishishin.co.jp/disk01.html
Reserve Bank of India,http://www.rbi.org.in/scripts/AnnualReportPublications.aspx
Sparkasse Ostpringnitz-Ruppin,https://www.sparkasse-opr.de/de/home/toolbar/preise-und-hinweise.html?n=true&stref=footer
Banca di Credito Cooperativo della Marca Scrl,https://www.bancadellamarca.it/doc2/default.asp?i_archivioID=69303&i_cartellaID=98126&i_menuID=69346#docList
CHERRY BANK S.P.A.,https://www.bancodelletrevenezie.it/it/investor-relations/informativa-al-pubblico.html
PT Yuanta Sekuritas Indonesia,https://www.yuanta.co.id/page/annual-report
"Carolina Trust Bancshares, Inc",http://www.snl.com/IRW/News/4715924
Amlak Finance PJSC,https://www.amlakfinance.com/investor-relations/financial-information/
Grupo Financiero Scotiabank Inverlat SA DE SV,https://www.scotiabank.com.mx/acerca-de-scotiabank/relacion-con-inversionistas/relaciones-con-inversionistas/estados-financieros.aspx
Bank Millennium,https://www.bankmillennium.pl/en/about-the-bank/investor-relations/financial-reports/semi-annual-reports
Commonwealth Bank Ltd,http://www.combankltd.com/web/bank.nsf/frmAnnual
Nedbank (Swaziland) Limited,https://www.nedbank.co.sz/content/nedbank-swaziland/desktop/sz/en/personal.html
Volksbank Bösel EG,https://www.meine-volksbank-online.de/service/rechtliche-hinweise/pflichtinformationen.html
Solar Capital Ltd,https://slrinvestmentcorp.com/Investors/SEC-Filings
Siemens Financieringsmaatschappij,https://new.siemens.com/global/en/company/about/businesses/sfm.html
Raiffeisenbank Holzheim eG,https://www.rb-holzheim.de/service/rechtliche-hinweise/pflichtinformationen.html
Bayport Management Limited,https://www.bayportfinance.com/investor-relations/sem-reporting/?tab=2-sem-quarterly-reports
Bajaj Finance Limited,https://www.bajajfinserv.in/finance-investor-relations-financial-information
Mizuho International Plc,https://www.mizuhogroup.com/emea/who-we-are/governance/mizuho-international-plc-legal-and-compliance/annual-reports
Nepal Bank Limited,https://www.nepalbank.com.np/investor-relations/agm-reports/annual-reports
Kiatnakin Phatra Public Company Limited,https://ir.kkpfg.com/th/updates/pillar-disclosure
Greater Bank Limited,https://www.greater.com.au/legal/regulatory-disclosures
KDB Asia Limited,https://www.kdb.co.kr/CHGMHK99N27.act?GmBrnId=AL&_mnuId=IHIHGM2065&GmMlngTc=en
Fukuoka Hibiki Shinkin Bank,http://www.fukuokahibiki.co.jp/about/disclosure2015.php
Netfonds Bank AS,https://www.netfonds.no/om.php
UK Asset Resolution Limited,http://www.ukar.co.uk/media-centre/press-releases/2016
Sparkasse Engen- Gottmadingen,https://www.sparkasse-engo.de/de/home/ihre-sparkasse/ihre-sparkasse-vor-ort.html?n=true&stref=hnav
Privredna Banka Sarajevo D.D.,http://www.pbs.ba/o-nama/
Cathay United Bank Co Ltd,https://www.cathaybk.com.tw/cathaybk/about/about/finance/
Banca di Capranica Credito Cooperativo,http://www.bancadicapranica.it/doc/default.asp?i_menuID=47634
National Building Society Limited,https://www.nbs.co.zw/about-us/financials/
COOPESPARTA R.L.,https://www.infocoop.go.cr/node/1311
Jordan Mortgage Refinance Company PLC,http://www.jmrc.com.jo/repoerts.aspx?lng=1&p=list8&id=29
Bac A Commercial Joint Stock Bank,https://www.baca-bank.vn/SitePages/website/danh-muc-quan-he-co-dong.aspx?ac=QUAN%20H%E1%BB%86%20C%E1%BB%94%20%C4%90%C3%94NG&s=QHCD
Factoring Bancolombia SA CFC,http://www.factoringbancolombia.com/cs/Satellite?c=Page&cid=1266348874540&pagename=Factoring%2FFT_TemplateConHome
Ripley Compania De Financiamiento SA,http://www.ripleycf.co/newsite/quienes-somos.html
Grupo Financiero Multiva SAB,http://www.multiva.com.mx/wps/wcm/connect/GrupoFinanciero/Grupo+Financiero/Estados+Financieros/
"MUFG Bank, Ltd",https://ri.bb.com.br/informacoes-financeiras/demonstracoes-contabeis-em-ifrs/
Cagamas Berhad,https://www.cagamas.com.my/investor-relations/financial-results/interim-results
Raiffeisenbank Ostprignitz-Ruppin eG,https://www.rbopr.de/service/rechtliche-hinweise/pflichtinformationen.html
AmInvestment Bank Berhad,https://www.ambankgroup.com/eng/InvestorRelations/FinancialResultsAndCorporatePresentations/Pages/2023.aspx
Daiwa Capital Markets America Inc,http://www.us.daiwacm.com/company/manual.html
Luzerner Kantonalbank AG,https://www.lukb.ch/web/lukb/-/geschaftsergebnisse
Prime Bank Limited,https://www.primebank.com.bd/index.php/home/quarterly_half_yearly_reports
Bank Rabobank International Indonesia,https://www.rabobank.co.id/en/investor/laporan/Laporan%202020.html#accordion-
Sparkasse Bank Makedonija A.D.,https://sparkasse.mk/Footer/About_us/Financial_reports.aspx
Stroemmen Sparebank,https://strommensparebank.no/investorinformasjon/delarsrapporter
Commerzbank Finance & Covered Bond S.A,"http://www.cfcb.lu/myWeb/content/www/CFCB/investorrelations/geschaeftsberichte/geschaeftsberichte,lang=DE.html"
East West Bank,http://investor.eastwestbank.com/GenPage.aspx?IID=4040606&GKP=1073750099
"Mercantil Holding Financiero Internacional, S.A.",https://holding19.wpcomstaging.com/en/relationship-with-investors/financial-information/mercantil-holding-en/
Kita Osaka Shinkin Bank,https://www.sk-shinkin.co.jp/profile/disclo/
Helaba Asset Services,http://www.helaba.de/hlb/generator/wwwroot/Helaba/InvestorRelations/Geschaeftsbericht/isGeschaeftsbericht.en.html
Grupo BNS de Costa Rica SA,https://www.scotiabankcr.com/acerca/relaciones-con-inversionistas/estados-financieros/scotiabank.aspx
Arbejdsmarkedets Tillaegspension,https://www.atp.dk/en/results-and-reports/annual-and-interim-reports
"Colony Bankcorp, Inc",https://investors.colonybank.com/sec-filings/documents/default.aspx
Saga Shinkin Bank,http://www.sagashin.co.jp/about/disclosure/index.html
TIB Development Bank Limited,https://www.tib.co.tz/tibdfi/index.php/en/quarterly-financial-reports
mBank SA,https://www.mbank.pl/relacje-inwestorskie/wyniki/
Nurbank JSC,https://nurbank.kz/en/investor/financial_results/financial_results_all
Banco Ctt,https://www.bancoctt.pt/sobre-o-banco-ctt/informacao-financeira/index.html
Sindhu Bikash Bank,https://www.sindhubank.com.np/basel-disclosure/
Ecobank Burundi SA,http://www.ecobank.com/annualreports.aspx?cid=74090
Raiffeisenbank Nahe eG,https://www.rb-nahe.de/wir-fuer-sie/ueber-uns/zahlen-fakten.html
Langaa Sparekasse,https://www.spardjurs.dk/Om-Os/Sparekassen-i-tal
"Grupo Financiero Ve por Más, S.A. de C.V",https://www.vepormas.com/fwpf/portal/documents/relacion-con-inversionistas
Raiffeisenbank Noerdliche Bergstrasse Eg,https://www.raiba-alsbach.de/wir-fuer-sie/ueber-uns/zahlen-fakten.html
Municipality Credit Iceland Plc,http://www.lanasjodur.is/english/financial-statements/
Sparkasse Bamberg,https://www.sparkasse-bamberg.de/de/home/ihre-sparkasse/finanzpublikationen.html?n=true
Murakami Shinkin Bank,https://www.murakami-shinkin.com/
Arquia Bank SA,https://www.arquia.es/site/es/informe_anual
Bank BPH SA,https://www.bph.pl/pl/raporty-okresowe/
JSC SB Alfa Bank,https://www.alfabank.kz/footer/about/annual-reports
Kommunalbanken AS,https://www.kbn.com/en/investor/financial-reports/
Korea Investment Holdings Co. Ltd,http://www.koreaholdings.com/en/bbs/annualreport/list
Intesa Sanpaolo,http://www.group.intesasanpaolo.com/scriptIsir0/si09/investor_relations/eng_bilanci_relazioni.jsp#/investor_relations/eng_bilanci_relazioni.jsp
MCB Bank Limited,https://www.mcb.com.pk/investor-relations/annual-reports
Saffron Building Society,https://www.saffronbs.co.uk/members/report-and-accounts/
Banca PSA Italia Spa,https://www.bancapsaitalia.it/chi-siamo.html
RATHBONES GROUP PLC,http://www.rathbones.com/investor-relations/results-and-presentations
Banco Hipotecario SA,http://www.hipotecario.com.ar/default.asp?id=114
Burgan Bank KPSC,http://www.burgan.com/aboutus/SitePages/InvestorCenter.aspx
Boursorama SA,http://groupe.boursorama.fr/fr/finance/rapports/?y=2013
Nava Banka dd,http://www.navabanka.hr/annual_reports
PAIR Investment Company Limited,http://pairinvestment.com/financials.php?cat=Annual_Reports
Vik Sparebank,http://viksparebank.no/om-oss#GenericTabItem2
Nqaba Finance 1 (RF) Ltd,https://www.eskom.co.za/investors/nqaba-finance-1-rf-ltd/
Banca di Credito Cooperativo di Sant'Elena,http://www.santelenabanca.it/doc/default.asp?i_archivioID=10647&i_cartellaID=32767&i_menuID=37236
Banco di Caribe N.V.,https://www.bancodicaribe.com/about-us#el-7261
Commerzbank Zrt,https://www.commerzbank.hu/portal/en/cb/hu/footer/impressum/impressum.html
Raiffeisen-Holding Niederösterreich-Wien registrierte Genossenschaft mit beschränkter Haftung,http://www.rhnoew.at/eBusiness/01_template1/1021234568466-438807703494677207_542005487680122017-542005487680122017-NA-37-NA.html
Kreissparkasse Herzogtum Lauenburg,https://www.ksk-ratzeburg.de/de/home/ihre-sparkasse/ihre-sparkasse-vor-ort.html?n=true&stref=hnav
Armenian Development Bank OJSC,http://www.finport.am/full_news.php?id=27823&lang=3
Federal Home Loan Bank of Dallas,https://www.fhlb.com/News/Pages/Investor-Relations.aspx
Ohio Legacy Corp.,http://www.snl.com/irweblinkx/news.aspx?iid=4051079
Jyske Realkredit A/S,https://jyskerealkredit.dk/
Santander International Debt S.A.,http://www.santander.com/csgs/Satellite/CFWCSancomQP01/en_GB/Santander/Investor-Relations/Santander-International-Debt-SAU.html
Bank of Jordan Plc,https://bankofjordan.com/en/reports/AnnualReports
Bank Mandiri (Persero) Tbk,https://www.bankmandiri.co.id/en/web/ir
First National Bank Alaska,https://cdr.ffiec.gov/public/ManageFacsimiles.aspx
TF Varlik Kiralama AS,http://www.tfvarlikkiralama.com.tr/Yatirimci-Iliskileri/finansal-raporlar.aspx
AMB Financial Corp,https://www.acbanker.com/amb-reports.php
Bank of Ningbo,http://www.nbcb.com.cn/about_nbcb/information_diclosure/periodic_report/
Mcb Seychelles Ltd,https://www.mcbseychelles.com/en/about-us
Banca Popolare di Vicenza Societa per azioni,http://www.popolarevicenza.it/bpvi-web/home/Investor-Relations-ENG/financialData.html
Afriland First Bank LIBERIA Limited,https://afrilandfirstbanklb.com/index.php/en/the-group
VR-Bank Dornstetten-Horb eG,https://www.volksbank-dornstetten.de/wir-fuer-sie-volksbank-dornstetten/hausbankinfo.html
Banco de Servicios Financieros SA,http://www.bcra.gov.ar/PublicacionesEstadisticas/Entidades_financieras.asp?fecha=201612
Clifton Bancorp Inc,http://www.cliftonbancorp.com/financials-and-filings/sec-filings.aspx
Grupo Financiero Agromercantil,https://www.bam.com.gt/informacion-corporativa/
Etris Bank GmbH,http://www.etrisbank.de/service/formulare-publikationen.html
Bonum Bank Ltd,https://www.poppankki.fi/pop-pankki-ryhma/bonum-pankki-oyj/sijoittajille
Mayfair bank Ltd,https://mayfaircib.com/financial-statements/
Banca di Credito Cooperativo di Sambuca di Sicilia,http://www.creditocooperativosicilia.it/pg.documenti.lista.php
Stadtsparkasse Blomberg/Lippe,https://www.sparkasse-blomberg.de/de/home/ihre-sparkasse/ihre-sparkasse-vor-ort.html?n=true&stref=hnav
Bankers Investment Trust Plc,https://www.henderson.com/ukpi/fund/168
Tarjetas Del Mar S.A.,https://aif2.cnv.gov.ar/presentations/publicview/061a4a8b-1044-4195-a4b2-174f21933b61
Kreissparkasse Grafschaft Bentheim zu Nordhorn,https://www.sparkasse-nordhorn.de/module/offenlegung/index.php?n=%2fmodule%2fihre_sparkasse%2foffenlegungsbericht%2f
Srisawad Corporation Public Company Limited,https://investor.sawad.co.th/th/downloads/financial-statements
Cholamandalam Investment and Finance Company Limited,http://www.cholamandalam.com/annual-reports.aspx
American Capital Ltd,http://ir.americancapital.com/phoenix.zhtml?c=109982&p=irol-irhome
"Yamagata Shiawase Bank, Ltd.",http://www.bank-ir.ne.jp/yamagata-shiawase
Banca Delle Terre Venete Credito Cooperativo - Societa' Cooperativa,http://www.crabrendola.it/doc2/default.asp?i_archivioID=41484&i_cartellaID=37074&i_menuID=41486
International Investment Bank OJSC,https://iib.int/ru/for-investors/disclosure/annual
Blackfriars Asset Management Limited,https://find-and-update.company-information.service.gov.uk/company/03173991/filing-history
Cooperativa de Ahorro y Crédito La Dolorosa,https://ladolorosa.fin.ec/transparencia/
Kashiwazaki Shinkin Bank,http://www.ksbank.jp/company/report/index.html
Banca di Credito Cooperativo Agrigentino Societa Cooperativa,http://www.bccagrigentino.it/doc2/default.asp?i_menuID=51762
Liberum Capital Limited,http://www.liberum.com/
Gladbacher Bank AG von 1922,https://www.gladbacher-bank.de/wir-gladbanker/unser-bank/wer-wir-sind/zahlen-fakten.html
Veneto Banka Sh.a..,https://www.venetobanka.al/sq/pasqyrat-financiare
Clientis Bank Toggenburg AG,https://cbt.clientis.ch/de/ueber_uns/portrait/kennzahlen
UBS Group AG,https://www.ubs.com/global/en/investor-relations/financial-information/annual-reporting.html
Metbank Limited,https://www.rbz.co.zw/index.php/publications-notices/publications/annual-reports
HSBC Sri Lanka Branch,https://www.about.hsbc.lk/hsbc-in-sri-lanka#
Merkur Andelskasse,https://merkur.dk/privat/artikler/english/
First Citizens BancShares,https://www.firstcitizens.com/about/who-we-are/annual-report
Banca di Credito Cooperativo di Castel Goffredo,http://www.bcccastelgoffredo.it/doc/default.asp?i_archivioID=24523&i_cartellaID=39377&i_menuID=43907
Stadtsparkasse Lengerich (Westfalen),https://www.stadtsparkasse-lengerich.de/de/home/ihre-sparkasse/ihre-sparkasse-vor-ort/publikationen---zahlen.html?n=true
Sparkasse Neuburg-Rain,https://www.sparkasse-neuburg-rain.de/module/ueber_uns/pressecenter/details/index.php?meldung=2&n=%2Fmodule%2Fpressecenter%2Fdetails%2F
Volksbank Raiffeisenbank Nuernberg eG,https://www.vrbanknuernberg.de/teilhaberbank/geschaeftsbericht.php
akf bank GmbH & Co KG,https://www.akf.de/top-navigation/unser-unternehmen/informationen-aktuelles/
Bank Diamant,http://diamantbank.ua/en/pages/about-bank/financial-statements.html
Ehime Shinkin Bank,https://www.shinkin.co.jp/seibu/
Pobiedzisko-Goslinski Bank Spoldzielczy W Pobiedziskach,http://www.pgbs.pobiedziska.sgb.pl/index.php/o-banku/wyniki-finansowe
Banca Centro Emilia - Credito Cooperativo,http://www.bancacentroemilia.it/template/default.asp?i_menuID=46957
Misr Bank - Europe GmbH,https://www.misr.de/de/publications/disclosurereports/
Lakshmi Vilas Bank Ltd,http://www.lvbank.com/audfinancialresults.aspx
Banca di Credito Cooperativo dell'Alto Tirreno Della Calabria Verbicaro (Provincia di Cosenza)- Societa cooperativa,http://www.bccaltotirreno.it/index.php?action=informative
Banque Malgache de l'Océan Indien - BMOI,http://www.bmoinet.net/rapport-annuel/
Fondo para el Financiamiento del Sector Agropecuario,https://www.finagro.com.co/informaci%C3%B3n-al-ciudadano/informaci%C3%B3n-al-inversionista
"KB Securities Co.,Ltd",https://www.kbfg.com/Eng/Report/Fbannual/Kbfg/2016/list.jsp
Sparisjódur Höfdhverfinga ses.,https://www.spar.is/sparisjodur-hofdhverfinga/um-sparisjodinn/um-sparisjodinn/arsreikningar-1187
Ghana Home Loans Limited,https://www.ghlbank.com/investor-relations/
Itoigawa Credit Cooperative,http://itoigawa-shinkumi.co.jp/disclosure.html
Volksbank eG; Köthen - Bitterfeld,https://www.vb-abi.de/wir-fuer-sie/ueber-uns/zahlen-fakten.html
"Cooperativa de Economia e Crédito Mútuo dos Servidores Públicos nos Estados de Alagoas, Sergipe, Bahia e Empresários da Região Metropolitana do Agreste Alagoano",https://www.sicoob.com.br/web/sicoobleste/relatorios/-/document_library/O3r9u4hoQPtB/view/3495981?_com_liferay_document_library_web_portlet_DLPortlet_INSTANCE_O3r9u4hoQPtB_redirect=https%3A%2F%2Fwww.sicoob.com.br%2Fweb%2Fsicoobleste%2Frelatorios%3Fp_p_id%3Dcom_liferay_document_library_web_portlet_DLPortlet_INSTANCE_O3r9u4hoQPtB%26p_p_lifecycle%3D0%26p_p_state%3Dnormal%26p_p_mode%3Dview
Tip Mexico SAPI DE CV,https://www.tipmexico.com/conocenos/relacion-inversionistas/emision-tipcb14/
Volksbank Bielefeld Guetersloh eG,https://www.volksbank-bi-gt.de/wir-fuer-sie/ueber-uns/geschaeftsberichte.html
Banco de la Nacion Argentina,http://www.bna.com.ar/Institucional/MemoriaYBalances
Maritime & Merchant Bank ASA,https://www.mmbank.no/investor-relations
Erste Bank a.d. Novi Sad,https://www.erstebank.rs/en/about-us/financial-statements/nonaudited-financial-reports
Banco Moneo SA,http://www.bancomoneo.com.br/banco-moneo/gestao-de-riscos#banco_moneo_relatorio_risco
Caisse des Dépôts et Consignations,http://www.caissedesdepots.fr/mediatheque/rapports-annuels.html
Land Bank of Taiwan,https://www.landbank.com.tw/Category/Items/%E8%B2%A1%E5%8B%99%E6%A5%AD%E5%8B%99%E8%B3%87%E8%A8%8A-%E8%B2%A1%E5%A0%B1
"Kookmin Bank (China) Co., Ltd.",https://www.kbfg.com/Kor/ir/presentaion/list.jsp
"""CRNOGORSKA KOMERCIJALNA BANKA"" A.D. PODGORICA",https://www.ckb.me/about-us/welcome-to-ckb/reports
IGM Financial Inc,https://www.igmfinancial.com/en/investor-relations/annual
Bank of Handan Co Ltd,https://www.hdcb.cn/hdyh/html/1/1/23/217/index.html
COOPERATIVA DE CREDITO CREDIJEQUITINHONHA LTDA.,https://www.sicoob.com.br/web/sicoobcredijequitinhonha/publicacoes/-/document_library/O3r9u4hoQPtB/view/36600711?_com_liferay_document_library_web_portlet_DLPortlet_INSTANCE_O3r9u4hoQPtB_redirect=https%3A%2F%2Fwww.sicoob.com.br%2Fweb%2Fsicoobcredijequitinhonha%2Fpublicacoes%3Fp_p_id%3Dcom_liferay_document_library_web_portlet_DLPortlet_INSTANCE_O3r9u4hoQPtB%26p_p_lifecycle%3D0%26p_p_state%3Dnormal%26p_p_mode%3Dview
Kushiro Credit Cooperative,http://www.kushiro.shinkumi.jp/disclo.html
Trust Bank Limited (The Gambia),https://tblgambia.com/annual-reports/
Caja Popular José Ma. Mercado,https://www.cajajmmercado.com.mx/
Raiffeisenbank im Naabtal eG,https://www.rb-im-naabtal.de/service/rechtliche-hinweise/pflichtinformationen.html
Jiangxi Bank co LTD,http://www.jx-bank.com/nccbank/zh_CN/home/index.html
Kreissparkasse Peine,https://www.sparkasse-hgp.de/de/home/ihre-sparkasse/ihre-sparkasse-vor-ort.html?n=true&stref=hnav
Standard Chartered Yatirim Bankasi Turk AS,https://www.sc.com/tr/reports/
Scotiabank (Ireland) Designated Activity Company,"http://www.scotiabank.com/global/en/0,,6177,00.html"
BANCA POPOLARE DI SONDRIO SOCIETA' PER AZIONI,https://www.popso.it/informativa-societaria/bilanci-annuali-infrannuali/resoconti-annuali
Bank of Wenzhou Co Ltd,http://www.wzcb.com.cn/annals/view/annals_category_id/13
Varbergs Sparbank AB,https://www.varbergssparbank.se/om-oss/ekonomisk-information.html
Nord/LB Covered Finance Bank SA,http://www.nordlbcfb.lu/en-us/Pages/investor_relations/geschaeftsberichte.html
SBAB Bank AB,https://www.sbab.se/1/in_english/investor_relations/investor_relations/financial_reports/sbab.html
"Goldman, Sachs & Co LLC",http://www.goldmansachs.com/investor-relations/financials/current/subsidiary-financial-info/gsco/
International Islamic Trade Finance Corporation,https://www.itfc-idb.org/resources-center/publications/
ICBC Turkey Bank A S.,http://icbc.com.tr/en/investor-relations/pdf-list/IFRS-Reports/334/0/0
Banco Falabella,https://www.bancofalabella.cl/informacion-institucional
Haitong Bank SA,https://www.haitongib.com/pt/relacoes-com-o-mercado/demonstracoes-financeiras
Country Group Holdings Public Company Limited,https://www.cgholdings.co.th/en/investor-relations/downloads/financial-statements
Bank Asia Limited,http://www.bankasia-bd.com/about/disclosure
"Busa Servicing, Inc.",http://www.ibanknet.com/scripts/callreports/reportlist.aspx?ibnid=usa_750864&per=20170331&actn=close
Bank AlBilad,https://www.bankalbilad.com/en/about/investor-relations/financial-information/Pages/financial-results.aspx
Fonds d’Equipement Communal,http://www.fec.ma/PageFr.aspx?id=29
Secure Trust Bank Plc,http://www.securetrustbank.com/investor-relations/results-presentations
BlueStep Bank AB (publ),https://www.bluestepbank.com/investor-relations/financial-reports/
Credit Europe Bank (Suisse) SA,https://www.crediteurope.ch/fr/financials/
RHB Bank Berhad,http://rhbgroup.com/about-us/our-regional-presence/thailand/commercial-banking
Arab Investment And Export Credit Guarantee Corporation,https://www.dhaman.net/en/corporate-publications/#annual-report
Vereinte Volksbank eG,https://www.vereinte-volksbank.de/service/rechtliche-hinweise/pflichtinformationen.html
ARKEA HOME LOANS SFH,http://www.arkea.com/banque/assurance/credit/mutuel/ecb_5039/en/home-loans-sfh
BancApulia SpA,http://www.bancapulia.it/web/bancapulia/bilanci
Grupo Financiero Improsa SA,https://www.grupoimprosa.com/info-financiera
"Financiera Nacional de Desarrollo Agropecuario, Rural, Forestal y Pesquero",https://www.gob.mx/fnd/documentos/estados-financieros-al-mes-de-diciembre-de-2020
Raiffeisenbank Holzkirchen-Otterfing eG,https://www.rb-holzkirchen-otterfing.de/Was%20uns%20auszeichnet/unsere-bank1/ueber-uns/zahlen-fakten.html
Grupo Financiero Galicia SA,https://www.gfgsa.com/es
Ylaneen Osuuspankki,https://www.op.fi/
Banco de Crédito e Inversiones SA,https://www.bci.cl/investor-relations-eng/financial-statements/
Expressbank AD,http://www.sgeb.bg/en/about-us/key-figures.html
BANCA POPOLARE DI SONDRIO SOCIETA' PER AZIONI,https://istituzionale.popso.it/en/investor-relations/reports
Bank Otsar Hahayal Ltd,https://online.bankotsar.co.il/wps/portal/FibiMenu/Marketing/AnBankActivity/AnFinancialinfo
B. Metzler seel. Sohn & Co. Aktiengesellschaft,http://www.metzler.com/metzler/servlet/segment/startSite_en/About_us/Press/Download/11572/Download_Overview.html?aktivCategory=Annual+report
Niederrheinischen Sparkasse RheinLippe,https://www.nispa.de/de/home/toolbar/preise-und-hinweise.html?n=true&stref=footer
"""Gunay Bank"" Ojsc",http://gunaybank.com/about/reports/hesabatlar
SAUDI HOME LOANS COMPANY,https://www.saudihomeloans.com/en/financial-information
"Orrstown Financial Services, Inc",https://investors.orrstown.com/documents-1/default.aspx
Tisco Bank Public Company Limited,https://www.tisco.co.th/en/sd/investorrelations.html
Banco Central de la Republica Argentina,http://www.bcra.gob.ar/PublicacionesEstadisticas/balances_anuales.asp
Miyagi Daiichi Shinkin Bank,http://www.miyashinbank.co.jp/summary6.html
Bank of Greenland,https://www.banken.gl/en/investor/annual-reports/
EFG-Hermes Holding SAE,https://efghermes.com/en/financial--statements
Closed Joint Stock Company Alfa Bank,https://www.alfabank.by/about/reporting/
NLB Banka AD Beograd,https://www.nlb.rs/en/strana/16821/annual-reports
Minato Bank Ltd,https://www.minatobk.co.jp/shareholders/finacial/results/
Osaka Shinkin Bank,http://www.osaka-shinkin.co.jp/disclosure/index.html
"JSCB ""INDUSTRIALBANK""",http://industrialbank.ua/en/about/fin_rep_eng/ann_reports/
"Sg Securities Korea Co., Ltd",https://www.saramin.co.kr/zf_user/company-info/view-inner-finance?csn=cFpGbFFTU2tueDI3ZjNObzllSmsxdz09
Mediofactoring Spa,http://www.mediocreditoitaliano.com/web/it/chi-siamo/bilanci.jsp
Fondsdepot Bank GmbH,https://www.fondsdepotbank.de/service/downloads/
Raiffeisenbank Muenchen-Nord eG,https://rb-muenchen-nord.de/index.php/ihre-bank/downloads.html
Banca Raiffeisen Valposchiavo Societa Cooperativa,https://www.raiffeisen.ch/valposchiavo/it/chi-siamo/la-sua-banca-locale/rapporti-di-gestione.html
Banco Bradesco BBI SA,http://www.valor.com.br/sites/default/files/upload_element/13-08_bradesco_bbi_balanco.pdf
Japan Housing Finance Agency,http://www.jhf.go.jp/about/disclosure.html
"Closed Joint-Stock Company ""Demir Kyrgyz International Bank""",https://demirbank.kg/ru/about/about/financial-highlights
National Bank of Pakistan- Bangladesh Branches,http://www.nbp-bd.com/page.php?id=9#start
Development Finance Corporation,http://www.dfcbelize.org/download-center/
Sumer Faktoring A.S,http://www.sumerfaktoring.com/bagimsiz-denetim-raporlari/
Raiffeisenbank Hardt-Bruhrain eG,https://www.rb-hardt-bruhrain.de/wir-fuer-sie/ueber-uns/zahlen-fakten.html
Charter Court Financial Services Limited,http://www.chartercourtfs.co.uk/InvestorRelations/Disclosure
Raiffeisenbank Kirchheim-Walheim eG,https://www.rb-kirchheim-walheim.de/wir-fuer-sie/ueber-uns/zahlen-fakten.html
Société de Financement d'achats à Crédit - SOFAC Crédit,https://www.sofac.ma/nous-decouvrir/nos-publications/
Rizal Commercial Banking Corp.,https://www.rcbc.com/financial-information
AMRET PLC,https://amret.com.kh/en/annual-report/
Bank Spoldzielczy W Raszynie,http://www.bsraszyn.pl/pl/raporty-roczne
"Sparkasse an der Lippe, Zweckverbandssparkasse der Städte Lünen, Selm und Werne",https://www.sparkasse-adl.de/de/home/toolbar/preise-und-hinweise.html?n=true&stref=footer
Banco Consorcio,https://www.bancoconsorcio.cl/nuestro-banco/estados-financieros
Chiba Kogyo Bank,https://www.chibakogyo-bank.co.jp/toushi/ir/kessan.html
Raiffeisenbank Hardt-Bruhrain eG,https://www.rb-hardt-bruhrain.de/service/rechtliche-hinweise/pflichtinformationen.html
Cooperativa De Crédito De Livre Admissão Da Região De Frutal Ltda,https://www.sicoob.com.br/web/sicoobfrutal/relatorios
Danske Bank Plc,http://www.danskebank.fi/en-fi/About/Press/Publications/Pages/Financialinformation.aspx
"Kyokuto Securities Co., Ltd.",http://www.kyokuto-sec.co.jp/ir/english/detail/
Australia and New Zealand Banking Group Limited,https://www.anz.com/shareholder/centre/reporting/results-announcement/
Bank of Africa,https://www.ir-bankofafrica.ma/information-financiere-et-extra-financiere/communiques-financiers
Bank of Mongolia,https://www.mongolbank.mn/en/category/9000
Capitron Bank,https://www.capitronbank.mn/about/20?lang=en&type=about
ASR Admin N.V.,https://www.asrnederland.nl/asr-bank
Erste Capital Finance (Jersy) Tier 1 PC,https://www.erstegroup.com/de/ueber-uns/erste-group-emissionen/prospekte/ec-finance-tier-1-pc
Cassa Rurale ed Artigiana di Rivarolo Mantovano (Mantova) - Credito Cooperativo,http://www.bccrivarolo.it/Bilanci.asp
Raiffeisenbank Eg Asbach-Sorga,https://www.rb-asbach.de/wir-fuer-sie/ueber-uns/zahlen-fakten.html
Taiwan Cooperative Bills Finance Corp,https://www.tcb-bank.com.tw/brief_introduction/balance_inf/Pages/balance_sheet.aspx
Banque Bemo Saudi Fransi SA,http://www.bbsfbank.com/en/About-Us/Investor-Relations/Financial-Statement
BSI SA,https://www.bsibank.ch/it/
Alliance Investment Bank Berhad,https://www.alliancebank.com.my/investment/corporate/investor-relations/annual-reports.aspx
Cassa Depositi e Prestiti,https://www.cdp.it/investitori/informazioni-finanziarie/bilanci/n2017.kl
Bank of Tokyo-Mitsubishi UFJ Turkey A.S.,https://www.tu.bk.mufg.jp/corporate-governance/independent_auditors_report.html
United Bank For Africa (Uk) Limited,https://www.ubagroup.com/countries/gb/
"Susquehanna Bancshares, Inc.",http://ir.susquehanna.net/docs.aspx?iid=100457
Volksbank Amelsbüren eG,https://www.vb-amelsbueren.de/wir-fuer-sie/ueber-uns/zahlen-und-fakten.html#parsys_linkbox_0
Liberbank SA,https://www.unicajabanco.com/es/inversores-y-accionistas/informacion-economico-financiera/informes-financieros
Laurentian Bank of Canada,https://www.laurentianbank.ca/en/about_lbc/my_investment/annual_results.html
Ecology Building Society (The),http://www.ecology.co.uk/about/corporate/
Raiffeisenbank Aare-Reuss,https://www.raiffeisen.ch/aare-reuss/de/ueber-uns/ihre-bank-vor-ort/Portrait/geschaeftsbericht.html
"PayPay Bank Co., Ltd",https://www.japannetbank.co.jp/company/financial/financial_highlight.html
Nesset Sparebank,https://romsdalsbanken.no/ombanken/rapporter-og-regnskap
Credit Saison Co Ltd,http://corporate.saisoncard.co.jp/ir/annual_report/
Europaisch-Iranische Handelsbank AG,https://www.eihbank.com/berichte/
Raiffeisenbank Wiesedermeer-Wiesede-Marcardsmoor eG,https://www.raibawiesedermeer.de/service/rechtliche-hinweise/impressum.html
COOPERATIVA DE CREDITO CREDCOOPER LTDA.,http://sicoobcredcooper.com.br/pagina.php?pg=http:www.sicoobcredcooper.com.brdemonstracoes
Cooperativa de Crédito de Livre Admissão do Centro Sul de Mato Grosso do Sul,http://www.sicoob.com.br/web/sicoobmtms/sicoob-dourados
Suedtirol Bank AG - Alto Adige Banca SP A.,https://www.suedtirolbank.eu/it/informativa-al-pubblico/
Capital Desjardins inc,https://www.desjardins.com/a-propos/relations-investisseurs/rapports-annuels-trimestriels/capital-desjardins/index.jsp
Kt Kira Sertifikalari Varlik Kiralama A.S,http://www.ktksvks.com.tr/tr-TR/ba%C4%9F%C4%B1ms%C4%B1z-denetim/24/28
FIDOR Bank AG,https://www.fidor.de/about-fidor/company
Belize Bank Ltd,http://www.belizebank.com/about-us/financial-information/
Citibank Europe Plc,https://www.citigroup.com/citi/investor/reg.htm
Banco de Bogota SA,https://www.bancodebogota.com/wps/portal/banco-de-bogota/bogota/investor-relations/financial-information/financial-results/quarterly-results
Banca Progetto Spa,https://www.bancaprogetto.it/chi-siamo
Volksbank Hohenlimburg Eg,https://www.vb-hohenlimburg.de/service/rechtliche-hinweise/pflichtinformationen_osogs.html
"Grupo Financiero Barclays Mexico, S.A. De C.V",https://www.cib.barclays/disclosures/mexico-financial-reporting.html
Société Arabe Internationale de Banque,https://www.saib.com.eg/en/investors-relations/reports/
Sparkasse Hainburg-Bruck-Neusiedl,https://www.sparkasse.at/hainburg/wir-ueber-uns
Cultura Sparebank,https://www.cultura.no/english?fane=Reports
Banque Populaire du Massif Central SC,http://www.massifcentral.banquepopulaire.fr/portailinternet/Editorial/VotreBanque/Pages/Rapport-Annuel-AURA.aspx?xtcr=1&xtmc=&vary=0-0-0
Cassa di risparmio di Bra SpA,http://www.crbra.it/index.php?method=section&id=94
Andorra Banc Agricol Reig SA - AndBank,https://www.andbank.com/sobre-nosotros/publicaciones-2/
Investbank,https://www.ase.com.jo/en/company_guide/disclosures/211
Raiffeisenbank im Donautal eG,https://www.raiba-gaimbux.de/service/rechtliche-hinweise/pflichtinformationen.html
China Success Finance Group,http://www.chinasuccessfinance.com/investors-relations/#financial-reports
Cooperativa De Credito Da Regiao De Fronteiras De Ro/Mt Ltda,www.credisis.com.br/154
Financière Syz SA,https://www.syzgroup.com/en/media-corner
Banco Penta,http://www.bancopenta.cl/info_publico.aspx
"Narodni rozvojova banka, a.s.",https://www.nrb.cz/o-nas/povinne-uverejnovane-informace/veskere-informace-o-hospodareni-nasi-banky/
"Cooperativa de Crédito, Poupança e Investimento da Região dos Vales",https://www.sicredi.com.br/html/conheca-o-sicredi/relatorios/?utm_source=menu_topo&utm_medium=topo_site&utm_campaign=relatorios
Maldives Islamic Bank Pvt Ltd,http://www.mib.com.mv/downloads
Stroemmen Sparebank,https://strommensparebank.no/investorinformasjon/pilar3
Asia Plus Group Holdings Public Company Limited,https://www.asiaplusgroup.co.th/investor-inside.php?id=188
Parsian Bank,https://www.parsian-bank.ir/Portal/Home/Default.aspx?CategoryID=2317abba-8a62-4db6-9721-9019a4ad36df
Vakif Gayrimenkul Yatirim Ortakligi A.S.,http://www.vakifgyo.com.tr/yatirimci-iliskileri/raporlar/finansal-raporlar
Bank Polska Kasa Opieki SA,https://www.pekao.com.pl/en/investors-relations/reports/reports.html
Guotai Junan International Holdings Limited,https://www.gtjai.com/tc/financial_reports
"Unicredit Leasing CZ, AS",http://www.cac.cz/en/company/annual-reports.html
Volksbank Ochtrup-Laer eG,https://www.vbol.de/wir-fuer-sie/ueber-uns/zahlen-fakten.html
Banco de Inversion Y Comercio Exterior SA - BICE,https://www.bice.com.ar/memorias-y-balances/
Cassa di Risparmio di Cesena SpA,http://www.carispcesena.it/index.php/investor-relations/bilanci
Banco Bradesco Europa SA,https://www.bradescoeuropa.eu/bradescoeuropa/html/europa-e-um-cliente/sobre-o-bradesco-europa.html
Stadtsparkasse Felsberg,https://www.ssk-felsberg.de/module/ihre_sparkasse/index.php?n=%2Fmodule%2Fihre_sparkasse%2F
Cooperativa De Ahorro Y Credito Construccion Comercio Y Produccion Ltda,https://coopccp.fin.ec/transparencia/
Cagamas Berhad,http://www.cagamas.com.my/annual-report
Development Bank of Kenya Ltd,https://www.devbank.com/reports/
Sparkasse Mittelfranken-Süd,https://www.sparkasse-mittelfranken-sued.de/de/home/toolbar/preise-und-hinweise.html?n=true&stref=footer
Volksbank eG im Kreis Freudenstadt,https://www.vobahf.de/wir-fuer-sie/ueber-uns/zahlen-fakten.html
Banco Da China Brasil S.A.,https://www.bankofchina.com/br/pt/aboutus/pb3/202010/t20201013_18492607.html
Banco de Galicia y Buenos Aires SA,http://www.bancogalicia.com/banca/online/web/Institucional/informacion-financiera/
Flushing Financial Corporation,https://investor-relations.flushingfinancialcorp.com/investor-relations/default.aspx
PT Bank Sahabat Sampoerna,https://www.banksampoerna.com/laporan-publikasi/kuartalan
Investec Limited,https://www.investec.com/en_int/welcome-to-investec/about-us/investor-relations/integrated-reporting.html#basel
Public Bank Berhad,https://www.publicbankgroup.com/investor-relations/annual-reports/
Banco de Ahorro Y Credito BDA SA,http://www.bancobda.com/
Volksbank Ried im Innkreis,http://www.vb-ooe.at/ihre-regionalbank/geschaeftsberichte
RSDC Laghubitta Bitiya Sanstha Ltd,https://rsdcmf.com/annual-reports
Kvevlax Sparbank,https://www.saastopankki.fi/sv-se/banker-och-kontor/kvevlax-sparbank/nyheter
BSQ Bauspar AG,https://www.bsq-bausparkasse.de/presse-center/daten-fakten/offenlegungsberichte.php
Land Bank of Taiwan,https://www.landbank.com.tw/En/Category/Items/Annual_Report
Raiffeisenbank Bad Schussenried-Aulendorf eG,https://www.raiba-bad-schussenried.de/service/rechtliche-hinweise/pflichtinformationen.html
Hamburger Sparkasse AG,https://haspafinanzholding.de/unternehmen
CREDIT SUISSE BANK (EUROPE) SA,https://www.credit-suisse.com/es/es/investment-banking/legal/entidades-securities.html
Bonki Rushdi Tojikiston,http://brt.tj/en
Al-Amanah Islamic Investment Bank of the Philippines,http://amanahbank.gov.ph/index.php/downloads
Universal Investment Bank ad Skopje,http://www.unibank.com.mk/categories/view/597
Caixa Geral de Depositos,https://www.cgd.pt/english/investor-relations/financial-information/pages/pillar-3-report.aspx
Stadshypotek AB,https://www.handelsbanken.com/sv/investor-relations/rapporter-och-presentationer
Citibank NA,https://corporateportal.brazil.citibank.com/nossos-balancos.htm
International Leasing And Financial Services Limited,http://www.ilfsl.com/Annual_Reports.html
"Bank of Communications Co., Ltd Hong Kong Branch",https://www.bankcomm.com.hk/hk/shtml/bhk/en/2012886/2600317/list.shtml?channelId=2012886
Banco de Bogota SA,https://www.superfinanciera.gov.co/Simev/saf/saf.jsp?codeEntity=001&codeTypeEntity=001
Siikajoen Osuuspankki,https://www.op.fi/web/op-siikajoki/pankin-esittely
Volksbank Nottuln eG,https://www.volksbank-nottuln.de/wir-fuer-sie/ueber-uns/zahlen-fakten.html
Jutlander Bank A/S,https://jutlander.dk/om-jutlander-bank/aktionaer/oplysningsforpligtelse
Kommunalbanken AS,https://www.kbn.com/om-oss/publikasjoner/
Banco Capital C.A.,http://www.bancocapital.com/transparencia-de-la-informacion/informacion-financiera.html
"Mizuho Bank México, S.A.",https://www.mizuhogroup.com/americas/who-we-are/mexico
Cassa Rurale di Bolzano,https://www.raiffeisen.it/it/cassa-rurale-di-bolzano/noi-banca-cooperativa/chi-siamo/relazioni-di-bilancio-ed-informazioni-al-pubblico.html
Austrian Anadi Bank AG,https://anadibank.com/de/IR/Veroeffentlichungen
BNP PARIBAS FORTIS SA,https://www.bnpparibasfortis.com/investors/financial-reports
Cairo Amman Bank,https://www.cab.jo/ar/for-much-more-ar/investors-relation-ar/%d8%a7%d9%84%d8%a8%d9%8a%d8%a7%d9%86%d8%a7%d8%aa-%d8%a7%d9%84%d9%85%d8%a7%d9%84%d9%8a%d8%a9
Leonteq Securities AG,https://www.leonteq.com/investors/results-center/half-year-results
RAIFFEISEN BANK JSC,https://www.aval.ua/documents
Credit Agricole Egypt SAE,https://www.ca-egypt.com/ar/investor-relation/%d8%a7%d9%84%d8%a8%d9%8a%d8%a7%d9%86%d8%a7%d8%aa-%d8%a7%d9%84%d9%85%d8%a7%d9%84%d9%8a%d8%a9/%d8%a7%d9%84%d8%aa%d9%82%d8%a7%d8%b1%d9%8a%d8%b1-%d8%a7%d9%84%d9%85%d8%a7%d9%84%d9%8a%d8%a9/%d8%a7%d9%84%d8%aa%d9%82%d8%a7%d8%b1%d9%8a%d8%b1_%d8%a7%d9%84%d9%85%d8%a7%d9%84%d9%8a%d8%a9/?bank_segment=personal-banking
Banco Morgan Stanley S.A.,https://www.morganstanley.com.br/sobre-nos/gerenciamento-de-riscos-e-de-capital
Turkish Finansal Kiralama AS,http://www.turkishleasing.com/finansal_raporlar
BGG Bayerische Garantiegesellschaft mit beschraenkter Haftung fuer mittelstaendische,https://bgg.ermoeglicher.de/ueber-uns/service-downloads/dokumente/
Joint Stock Company BankPozitiv Kazakhstan Subsidiary bank of Bank Hapoalim BM,http://www.bankpozitiv.kz/product/transactions/PMFININFO_01.jsp
"Cetelem, S.A. de C.V., SOFOM, E.R",https://www.bnpparibas-pf.com.mx/quienes-corporativa.html
Public Bank Berhad,http://www.publicbankgroup.com/Investor-Relations/Financial-Information/Quarterly-Financial-Results
"Closed Joint–Stock Company ""Absolutbank""",https://optikurs.by/o-nkfo/raskryitie-informaczii/finansovaya-otchetnost/
SGB Bank SA,https://www.sgb.pl/bank-sgb/wyniki-finansowe/
"COOPERATIVA DE CREDITO, POUPANCA E INVESTIMENTO VALE DO CERRADO",www.sicredi.com.br/html/conheca-o-sicredi/relatorios/
CITIBANK NIGERIA LIMITED,https://www.citigroup.com/citi/about/countries-and-jurisdictions/nigeria.html
"Summit Financial Group, Inc.",https://www.summitfgi.com/news/news-filings
Cooperativa De Crédito De Livre Admissão De Associados Vale Do Chapecozinho,https://www.sicoob.com.br/web/sicoobvalcredisul/relatorios/-/document_library/O3r9u4hoQPtB/view/6803035?_com_liferay_document_library_web_portlet_DLPortlet_INSTANCE_O3r9u4hoQPtB_redirect=https%3A%2F%2Fwww.sicoob.com.br%2Fweb%2Fsicoobvalcredisul%2Frelatorios%3Fp_p_id%3Dcom_liferay_document_library_web_portlet_DLPortlet_INSTANCE_O3r9u4hoQPtB%26p_p_lifecycle%3D0%26p_p_state%3Dnormal%26p_p_mode%3Dview
Cooperativa Central De Credito Do Norte/Nordeste,http://www.sicredinne.com.br/central-sicredi-nne/demonstracoes-contabeis/
InvestitionsBank des Landes Brandenburg,http://www.ilb.de/de/ueber_uns/geschaeftsberichte/geschaeftsbericht_2013/index.html
United Gulf Bank (BSC) EC,https://ugbbh.com/interim-financials/
Raiffeisenlandesbank Niederösterreich-Wien AG,https://www.raiffeisen.at/noew/rlb/de/meine-bank/presse/financial-reports.html
Cassa Raiffeisen di Laces,https://www.raiffeisen.it/de/latsch/wir-sind-genossenschaft/transparenz-und-mitteilungen/offenlegung.html
TCF Financial Corporation,https://ir.tcfbank.com/financial-information/annual-reports-and-proxy-statements/default.aspx
Banco Bilbao Vizcaya Argentaria SA,https://accionistaseinversores.bbva.com/informacion-financiera/informes-financieros/#2021
Cooperativa De Crédito De Livre Admissão Do Vale Do Rio Grande Ltda,http://www.sicoobuberaba.com.br/publicacoes
"Blue Ridge Bankshares, Inc.",https://www.blueridgebankshares.com/financials/sec-filings/default.aspx
Union Bank of Taiwan Public Company,https://www.ubot.com.tw/yearlyreport
Global Yatirim Holding,http://www.globalyatirim.com.tr/tr/raporlar/faaliyet-raporlari
Yesil Gayrimenkul Yatirim Ortakligi A.S.,http://www.yesilgyo.com.tr/faaliyet-raporlari.php
Deutsche Bank Polska S.A.,https://country.db.com/poland/bank-w-skrocie/raporty-i-sprawozdania-finansowe#show-content-of-raporty-deutsche-bank-polska
Stadtsparkasse Gevelsberg-Wetter,https://www.sparkasse-gw.de/de/home/toolbar/preise-und-hinweise.html
SRPSKA BANKA AD BEOGRAD,http://www.srpskabanka.rs/dokumenti/finansijski-izvestaji.html
Sterling Investments Limited,http://www.sterling.com.jm/sterling-investments-limited
Mizuho Bank Ltd,https://www.mizuhogroup.com/investors/financial-information/financial-statements
Thanachart Capital Public Company Limited,https://www.thanachart.co.th/en/investor-relations/downloads/financial-statements
"Japan Securities Depository Center, Inc",http://www.jasdec.com/about/action/finance/index.html#k
"Westbury Bancorp, Inc.",https://www.westburybankwi.com/Investor-Relations
Banco Nacional del Ejercito Fuerza Aerea y Armada SNC,https://www.gob.mx/banjercito/documentos/situacion-financiera-2021?idiom=es
National Bank of Georgia,https://www.nbg.gov.ge/index.php?m=368&year=2015
DVB Bank SE,https://www.dvbbank.com/en/investors/publications/regulatory-risk-reports
Raiffeisenbank Aadorf,https://www.raiffeisen.ch/aadorf/de/ueber-uns/ihre-bank-vor-ort/portrait/geschaeftsberichte.html
Dundee Corporation,https://www.dundeecorporation.com/investor-relations/investor-and-analyst-support/default.aspx
Banca di Credito Cooperativo di Terra d'Otranto (Provincia di Lecce),http://www.bccterradotranto.it/template/default.asp?i_menuID=55899
Guyana Bank for Trade & Industry Ltd,https://www.gbtibank.com/about-us/annual-reports/#1552583903669-9ac268f5-759f
VR Bank zwischen den Meeren eG,https://www.meine-vrbank.de/wir-fuer-sie/ueber-uns/zahlen-fakten.html
Unión de Crédito para la Contaduría Pública S.A. de C.V.,https://unicco.com.mx/informe-anual/
Crédit Suisse AG,https://www.credit-suisse.com/es/en/about-us/investor-relations/financial-and-regulatory-disclosures/annual-and-quarterly-reports/quarterly-reports/quarterly-reports-2016.html
Ishimaki Shoko Credit Cooperative,http://www.ishinomakisyokou.shinkumi.jp/disk/index.html
Banplus Banco Universal CA,http://www.banplus.com/site/p_contenido.php?id=2&ids=32&idc=81
Banco Rodobens SA,https://ri.rodobens.com.br/en/documentos-do-banco-rodobens-s-a/
Volksbank Dinslaken eG,https://www.volksbank-rhein-lippe.de/wir_fuer_sie/ueber-uns/zahlen-fakten.html
Halk Banka AD Skopje,http://www.halkbank.mk/godishni-izveshtai.nspx
Yardville National Bancorp,http://www.snl.com/Interactive/IR/docs.asp?IID=100872
TINK GERMANY GMBH,https://tink.com/de/impressum/
COOPE San Marco RL,http://www.csm.fi.cr/hp_joomla_15/informes/estadosfinacieros.html
Banque Sahélo-Saharienne pour l'Investissement et le Commerce,http://www.bsicbank.com/index.php?option=com_content&view=article&id=306&itemid=575&lang=fr
Finsol Sociedade De Crédito Ao Microempreendedor E À Empresa De Pequeno Porte S.,http://www.finsol.com.br/relacao-investidor.php
"""Farm Credit Armenia"" Universal Credit Organization Commercial Cooperative",http://www.fca.am/en/reports.html
Anadolubank Nederland NV,http://www.anadolubank.nl/nl/index.php/ab/content/financial-information
BANCA DI CREDITO COOPERATIVO DI CARAVAGGIO,http://www.bcccaravaggio.it/ricerca.asp?target=bilanci&cbNews=Y&cbSite=Y&cbDoc=Y
"Banco Occidental de Descuento, Banco Universal CA",http://www.bod.com.ve/el-banco/
Cagamas Berhad,http://www.cagamas.com.my/year-end-results
Deutsche Bank AS,https://www.db.com/turkey/tr/content/finansal-bilgiler.html
Banca di credito popolare SCRL,http://www.bcp.it/wps/portal/BCP/header/la-banca/dettaglio/InformativeSocietarie
Bank of Palestine Plc,https://bankofpalestine.com/en/investor-relations
Aozora Bank Ltd,https://www.aozorabank.co.jp/corp/ir/library/tanshin/
Maroc Leasing Cie Marocaine De Location d'Equipements SA,https://www.marocleasing.ma/publication/
Volksbank eG Pattensen,https://www.vb-eg.de/meine-bank/ueber-uns/zahlen-fakten.html
VersaBank,http://www.versabank.com/investor-relations/financial-results/
Bank of Ayudhya Public Company Ltd.,https://www.krungsri.com/th/investor-relations/financial-information/letter-to-set
ProCredit Holding AG & Co. KGaA,https://www.procredit-holding.com/de/investor-relations/berichte-und-veroffentlichungen/finanzberichte/?noredirect=de_DE
Bank of Ireland Mortgage Bank,https://investorrelations.bankofireland.com/debt-investors/covered-bonds/boimb-annual-reports/
Bank of Africa - Madagascar,https://www.bank-of-africa.net/en/activity-reports/boa-madagascar
"JIANGXI YUMIN BANK CO., LTD.",https://www.ymbank.com/node/400
Intermediate Capital Group Plc,http://www.icgam.com/shareholders/results-centre/2018
Finint S.P.A.,https://www.bancafinint.com/it/bilanci-relazioni.php
Bank of Punjab,https://www.bop.com.pk/Annual%20Accounts
DANMARKS SKIBSKREDIT A/S,http://www.skibskredit.dk/investor-relations/rapporter-og-selskabsmeddelelser/
Raiffeisenbank Baisweil-Eggenthal-Friesenried eG,https://www.rb-eggenthal.de/service/rechtliche-hinweise/pflichtinformationen.html
Banco Security,https://www.security.cl/investor-relations/es/financial-information/earnings-releases
Cooperativa De Crédito De Livre Admissao De Associados Auriverde,http://www.sicoobsc.com.br/credial/sicoob-sc/historico/resultados/
Volksbank Ulm-Biberach eG,https://www.volksbank-ulm-biberach.de/wir-fuer-sie/ueber-uns/zahlen-fakten.html
Citibank-Maghreb SA,https://www.citigroup.com/citi/about/countries-and-jurisdictions/morocco.html
International Monetary Fund,https://www.imf.org/external/pubs/ft/quart/index.htm
"Peoples Bancorp of North Carolina, Inc",https://pebk.q4ir.com/filings-financials/financial-documents/default.aspx
FirstCaribbean International Bank (Jamaica) Limited,https://www.cibc.com/fcib/about-us/investor-relations/annual-reports.html
Bank of Tanzania,https://www.bot.go.tz/Publications/Filter/34
JSC Capital Bank Kazakhstan,https://capitalbank.kz/ru/about/finansovaya_otchetnost
FMBCapital Holdings Plc,https://fmbcapitalgroup.com/investor-relations/annual-reports/
Public Joint Stock Company MTB Bank,http://www.marfinbank.ua/web/mb-ru.nsf/0/AnnualReports
Yuanta Financial Holding Co Ltd,https://www.yuanta.com/TW/IR/Financials/Financial-Reports
RCI Banque,https://www.rcibanque.com.ar/
Pt Bank Mayora,http://www.bankmayora.com/read/94/audit
National Bank of the Republic of Macedonia,http://www.nbrm.mk/?ItemID=A0E307FABF3C7D428085A0C0FE14CEFC
ABC Arbitrage SA,https://www.abc-arbitrage.com/fr/informations-financieres/
VR Bank Feuchtwangen Limes eG,https://www.vr-feuchtwangen.de/wir-fuer-sie/ueber-uns/zahlen-fakten.html
Kiwibank Limited,http://www.kiwibank.co.nz/about-us/investor-centre/reports-and-presentations.asp
Bangladesh Industrial Finance Company Limited,https://bifcol.com/investor-relation/report/financial-statement/quarter-report/
Mucoba Bank Plc,http://www.mucobatz.com/perfomances/
The Access Bank UK Limited,https://www.theaccessbankukltd.co.uk/about-us/financial-reports/
Banco Central do Brasil,https://www.bcb.gov.br/acessoinformacao/balanceteslai
Cooperativa Central De Credito Rural Com Interação Solidária,https://cresolsicoper.com.br/publicacao-legal/demonstrativos-contabeis-2016
RBA Bank a.d. Novi Sad,https://www.creditagricole.rs/finansijski-izvestaji/finansijski-izvestaji.354.html
Al Rayan Bank Plc,https://www.alrayanbank.co.uk/useful-info-tools/investors/regulatory-information/
HSBC Bank Bermuda Limited,http://www.about.hsbc.bm/hsbc-in-bermuda
United Bank of India,http://www.unitedbankofindia.com/English/Annual-Report.aspx
United States Natural Gas Fund Lp,https://www.sec.gov/cgi-bin/browse-edgar?company=United+States+Natural+Gas+Fund&owner=exclude&action=getcompany
"Bank of The James Financial Group, Inc.",https://botj.q4ir.com/corporate-profile/default.aspx
Banco Itau BBA S.A.,https://www.itau.com.br/
Banco Agibank S.A,https://ri.agi.com.br/financas/demonstracoes-financeiras/
Volksbank Diepholz-Barnstorf Eg,https://www.vbdh.de/wir-fuer-sie/ueber-uns/zahlen-fakten.html
Raiffeisenbank Winkeln Genossenschaft,https://www.raiffeisen.ch/regio-st--gallen-west/de/ueber-uns/ihre-bank-vor-ort/portrait/geschaeftsberichte.htm
Cassa Rurale Lavis - Mezzocorona - Valle di Cembra - BCC,http://www.cr-lavis.net/chi-siamo/documenti-societari/terzo-pilastro-basilea-2
Security Federal Corporation,https://www.securityfederalbank.com/investor-relations
"AMCORE Financial, Inc.",http://198.80.149.149/InvestorRelations/PubReports.aspx?partner=Mzg0TlRVNU5RPT1QJFkEQUALSTO&product=MzgwU1ZJPVAkWQEQUALSTOEQUALSTO
Banco Ficohsa Panama S.A.,https://www.ficohsa.com/pa/informacion-financiera/estados-financieros/
Trust Bank Ltd (The),https://www.tblbd.com/about-us/annual-reports-and-statements
Banca di Credito Cooperativo di Marcon - Venezia SCarl,http://www.bccmarconvenezia.it/banca-bcc/informativa-al-pubblico
"Corporacion De Credito Leasing Confisa, S. A.",https://confisa.do/nosotros/#1552470694478-7eef7d72-9405
Rand Merchant Bank Nigeria Limited,http://www.rmb.com.ng/investor_relations.asp
Caja Rural de Salamanca Sociedad Cooperativa de Crédito,https://www.cajaruralsalamanca.com/particulares/sobre-entidad
Banco VOII S.A.,https://www.voii.com.ar/
Industrial Development Bank,http://idb.sd/downloads/annual-reports/
Bank Asia Limited,http://www.bankasia-bd.com/about/quarterlyreport
Brabank ASA,https://brabank.no/investor/reports-and-presentations/
Asian Infrastructure Investment Bank,https://www.aiib.org/en/about-aiib/financial-statements/index.html#statement
Tokyo City Shinkin Bank,http://www.shinkin.co.jp/to-city/disclosure/disclosure.html
"Mita Securities Co.,Ltd",https://mitasec.com/about/disclosure.php
Sierra Bancorp,https://sierrabancorp.q4ir.com/sec-filings/default.aspx
Coop.De Econ.E Cred.Mutuo Dos Medicos E Demais Profis.De Nivel Super.Da Saude De Vitoria Ltda.,https://www.unicred.com.br/espiritosanto/
Volksbank Emstal eG,https://www.vb-emstal.de/service/rechtliche-hinweise/pflichtinformationen.html
"Banca di Credito Cooperativo di Alba, Langhe, Roero e Canavese Scrl",https://www.bancadalba.it/banca-d-alba/basilea-ii/
"Acom Co, Ltd",http://www.acom.co.jp/corp/english/ir_library/earnings/
CDIB Capital Group,http://www.cdibcapitalgroup.com/cdibenhtml/download/310
Volks-und Raiffeisenbank eG Wismar,https://www.vr-bank-wismar.de/wir-fuer-sie/ueber-uns/zahlen-fakten.html
Bank Frick & Co AG,https://www.bankfrick.li/en/downloads
EQB Inc.,http://eqbank.investorroom.com/annual-reports
Columbia Financial Inc,https://ir.columbiabankonline.com/financials/sec-filings/default.aspx
BTA Bank JSC,http://bta.kz/en/investor/reports/finst/
GTBankTanzania,https://www.gtbank.co.tz/investor-relations/financial-information#2021
Nordea Bank Norge ASA,http://www.nordea.com/en/investor-relations/reports-and-presentations/select-reports-and-presentations/local-subsidiary-reports/?fCat=tcm%3A33-135063-1024&fSubCat=tcm%3A33-135066-1024&fYear=2016
Regions Financial Corporation,https://ir.regions.com/financial-information/quarterly-annual-reports
Bank of India,https://www.bankofindia.co.in/FinancialResult
Expobank JSC Belgrade,https://www.expobank.rs/index.php/ru/finansijski-izvestaji-banke-2/izvestaji-2023-ru
Credito Cooperativo Valdarno Fiorentino Banca di Cascia SC,http://www.bccvaldarnofiorentino.it/doc2/default.asp?i_archivioID=54668&i_cartellaID=53524&i_menuID=55154
UniCredit Bank ad Banja Luka,https://www.unicreditbank-bl.ba/bhs/o-nama/poslovanje/finansijski-izvjestaji.html
Sala Sparbank,https://www.salasparbank.se/om-oss/finansiell-information/arsredovisningar.html
Grupo Financiero Scotiabank Inverlat SA DE SV,https://www.scotiabank.com.mx/es-mx/acerca-de-scotiabank/relacion-con-inversionistas/relaciones-con-inversionistas/estados-financieros.aspx
SpareBank 1 SMN,https://www.sparebank1.no/en/smn/about-us.html
Sparbanken Syd,https://www.sparbankensyd.se/om-sparbanken-syd/finansiell-information/arsredovisningar/
Punjab National Bank,https://www.pnbindia.in/annual-reports.html
Nepal Bank Limited,https://www.nepalbank.com.np/reports
Merchants Bancorp,https://investors.merchantsbancorp.com/filings/default.aspx
Investec Bank (Mauritius) Limited,https://www.investec.com/en_mu/welcome-to-investec/about-us/investor-relations/financial-information/investec-bank-mauritius-limited.html
Mercantile Investments And Finance PLC,https://www.mi.com.lk/index.php/en/investor-relations/annual-reports
First Hawaiian Inc,http://ir.fhb.com/phoenix.zhtml?c=254356&p=irol-sec
Agram banka dd Zagreb,http://www.kbz.hr/eng/kreditna-banka-zagreb/annual-reports
"THE BANK OF NOVA SCOTIA, HONG KONG SAR BRANCH",https://www.scotiabank.com/global/en/country/hong-kong.html
"Deutsche Leasing Slovakia, spol. s r. o.",https://www.deutsche-leasing.com/en
Hexa Bank Spoldzielczy W Piatnicy Poduchownej,http://www.hexabank.pl/onas/raporty-roczne
Huishang Bank Co Ltd,http://inv.hsbank.com.cn/html/ir_report.php
Jih Sun International Bank Public Company,http://www.jsun.com.tw/Finance/Finance01
Sparkasse Einbeck,https://www.sparkasse-einbeck.de/module/ihre_sparkasse/index.php?n=%2Fmodule%2Fihre_sparkasse%2F
Trinidad And Tobago Mortgage Finance Company Limited,https://www.ttmf-mortgages.com/about-us/financial-reports
KCB BANK UGANDA LTD,https://ug.kcbgroup.com/about-us/news-room?year=2021
Tesco Personal Finance Group Plc,http://corporate.tescobank.com/48/financial-information/accounts-and-disclosures/
CASSA CENTRALE RAIFFEISEN DELL'ALTO ADIGE SPA,https://www.raiffeisen.it/landesbank/geschaeftsberichte.html?kid=108
Close Brothers Limited,https://find-and-update.company-information.service.gov.uk/company/00195626/filing-history
Volksbank Kirnau eG,https://www.volksbank-kirnau.de/wir-fuer-sie/ueber-uns/zahlen-fakten.html
Banco Finansur SA,http://www.cnv.gov.ar/InfoFinan/Zips.asp?CodiSoc=652&DescriSoc=Banco%20Finansur%20S.A.&Letra=_&TipoDocum=1&TipoArchivo=1&TipoBalance=2&Lang=0
Bank of Baroda (Uganda) Limited,https://www.bankofbaroda.ug/financial-reports
First West Credit Union,http://www.firstwestcu.ca/annual-reports
Cheviot Financial Corp,http://www.cheviotsavings.com/news/investor-relations/
Banco de Fomento a la Produccion,http://www.bfp.com.ni/informacion-financiera/
Far Eastern Bank Limited,http://www.uobgroup.com/investor/annual/uob_banking_subsidiaries_annual_reports.html
Banco Itau Chile,https://banco.itau.cl/wps/portal/BICPublico/servicioalcliente/institucional/sobreitau/sobreIta%C3%BA
Toyota Kreditbank Gmbh,https://www.toyota.de/finanzdienste/offenlegung.json
JSC MICROFINANCE ORGANISATION LAZIKA CAPITAL,https://www.lazikacapital.ge/reports
Bandhan Bank Limited,https://www.bandhanbank.com/annual-reports
Hoist Finance AB,https://www.hoistfinance.com/Investors/
Grupo Financiero BBVA México,https://investors.bbva.mx/es/inf_financiera/
Tohoku Bank,http://www.tohoku-bank.co.jp/profdisk/disk.html
National Savings Bank,http://www.nsb.lk/financial-highlights/annual-reports/
Bank of Jiangsu Co Ltd,http://www.jsbchina.cn/CN/gywh/gtzzgx/tdqgg/index.html?flag=1
"Luzheng Futures Co., Ltd",http://www.luzhengqh.com/rest/front/newsList/485
Pt Bank Pembangunan Daerah Kalimantan Barat,http://bankkalbar.co.id/keuangan_publikasi.php
Bank Spoldzielczy W Kamiennej Gorze,http://www.bskamgora.pl/index.php?page=O_banku/sytuacja_finansowa2015.php&poz=o_banku&sub1=6
Public Joint-Stock Company Joint-Stock Commercial Bank 'Arkada',http://arkada.ua/ua/top/32/63/
Volksbank Euskirchen eG,https://www.eu-banking.de/wir-fuer-sie/ueber-uns/kurzberichte.html
Nationstar Mortgage Holdings Inc,http://investors.mrcoopergroup.com/Docs
Financiera de Desarrollo Territorial S.A. Findeter,https://www.findeter.gov.co/documentos/70/estados-financieros-trimestrales/
Cooperativa De Crédito De Livre Admissão De Pedro Leopoldo Ltda,http://www.sicoobcredipel.com.br/
Sora Bank AG,https://www.bankalpinum.com/downloads
Banco Bradescard SA,https://www.bradescori.com.br/en/market-information/reports-and-spreadsheets/group-financial-companies/
Cooperativa de Crédito Credicarpa Ltda,https://www.sicoobcredicarpa.com.br/balancetes-sicoob.php
Volksbank Uelzen - Salzwedel eG,https://www.vb-ue-saw.de/meine-volksbank/ueber-uns/zahlen-fakten.html
Baltic International Bank,http://www.bib.lv/lv/about-bank/reports
Standard Chartered Investments And Loans (India) Limited,http://www.standardcharteredinvestmentsloans.co.in/Investors_FinancialResults.html
Mosul Bank for Development & Investment,https://www.almosulbank.iq/investors-ar
Arion Banki hf,https://wwwv2.arionbanki.is/default.aspx?PageID=00560aec-88c2-11e7-8c3e-d8d385b75e5c#2021
Toyota Financial Services México,https://www.toyotacredito.com.mx/Portal/legales/estados-financieros
Stadtsparkasse Wunstorf,https://www.ssk-wunstorf.de/de/home/ihre-sparkasse/ihre-sparkasse-vor-ort.html?n=true&stref=hnav
"Banco Santander (Mexico) S.A., Institucion De Banca Multiple, Grupo Financiero Santander",http://www.santander.com.mx/ir/inf_financiera/inf_anual.html
Societe Maghrebail Sa,https://www.maghrebail.ma/index.php/qui-sommes-nous/publications
Banca S. Biagio del Veneto Orientale di Cesarolo e Fossalta di Portogruaro - Banca di Credito Cooperativo,http://www.bancasanbiagio.it/la-banca/bilancio-economico.html
Industrial Bank of Korea,https://www.ibk.co.kr/ir/irListIr.ibk?catecd=2&pageId=IR05050400
Natixis SA,https://www.natixis.com/natixis/jcms/lpaz5_48653/fr/publications-reglementaires-et-prudentielles
Nagano Bank Ltd.,http://www.naganobank.co.jp/site/kabu/zaimu05.html
BFA Tenedora de Acciones SAU,https://www.bfa.com.es/informacion-inversores/informacion-financiera-intermedia
Pulse Financial Services Limited,https://efczambia.com.zm/fin-statements/
PCB Bancorp,https://pcbbancorp.q4ir.com/sec-filings/annual-reports/default.aspx
SpareBank 1 SMN,https://www.sparebank1.no/nb/smn/om-oss/investor/finansiell-info/kvartals-og-arsrapporter.html
Clearing Corporation of India Ltd (The),https://www.ccilindia.com/ABOUTUS/Pages/Financial.aspx
Tourism Finance Corporation of India Ltd,http://www.tfciltd.com/Annual-Report.aspx
Korea Investment Holdings Co. Ltd,https://www.koreaholdings.com/en/bbs/fact_sheet/list
HSBC Private Bank (Suisse) SA,http://www.hsbcprivatebank.com/aboutus/annual-reports.html
Spar- Und Darlehnskasse Hoengen Eg,https://www.spadaka-hoengen.de/wir-fuer-sie/ueber-uns/zahlen-fakten.html
UAB BANK LIMITED,https://www.uab.com.mm/uab-annual-report-2019/
Bank Muamalat Malaysia Berhad,https://www.muamalat.com.my/corporate-overview/financials/?y=2022
Volksbank eG Gardelegen,https://www.volksbank-gardelegen.de/wir-fuer-sie/ueber-uns/zahlen-fakten.html
Genossenschaftsbank Weil im Schönbuch eG,https://www.genoba-weil.de/service/rechtliche-hinweise/pflichtinformationen.html
Banco Nacional de Comercio Exterior SNC - BANCOMEXT,https://www.bancomext.com/en/about-bancomext/bancomext-in-figures/
Priorbank JSC,https://www.priorbank.by/mezdunarodnaa-finansovaa-otcetnost-
Albaraka Bank Limited,http://www.albaraka.co.za/about_albaraka/financial_information/interim_report.aspx
Kragero Sparebank,http://kragerobanken.no/privat/om_banken/aarsrapport
ABS Factoring Bank AG,https://www.abs-factoring.at/offenlegung/
First Citizens BancShares,https://www.sec.gov/cgi-bin/browse-edgar?action=getcompany&CIK=0000798941&owner=exclude&count=40
Axion Swiss Bank SA,https://www.axionbank.ch/axion/homei.html
Suomen Pankki Finlands Bank,https://www.suomenpankki.fi/en/media-and-publications/publications/annual-report/
Kreissparkasse Grafschaft Diepholz,https://www.kreissparkasse-diepholz.de/module/ihre_sparkasse/index.php?n=%2Fmodule%2Fihre_sparkasse%2F
Tjustbygdens Sparbank AB,https://www.tjustbanken.se/om-oss/om-tjustbygdens-sparbank/ekonomisk-information.html
Banka Per Biznes,https://www.bpbbank.com/banka/
Banque de Développement des Etats de l'Afrique Centrale,http://www.bdeac.org/docrappannuel.php
Goldbond Group Holdings Limited,http://www.goldbondgroup.com/en/investor_relations.php?cate=5
Al Rajhi Bank,https://www.alrajhibank.com.sa/en/investor-relations/financials/pages/disclosures.aspx
Volksbank Esens eG,https://www.vbesens.de/wir-fuer-sie/offenlegungsberichte.html
"HV Bancorp, Inc",http://www.hvbancorp.com/IRW/docs/4423690
ING Luxembourg,https://www.ing.lu/content/siteing/fr/About_us/ing-luxembourg/INGLuxembourg/Aboutus/reports.html?lang=fr
Raiffeisenbank Parsberg-Velburg eG,https://www.raiba-parsberg-velburg.de/service/rechtliche-hinweise/pflichtinformationen.html
Banco Aliado S.A.,https://www.bancoaliado.com/informes-financieros.html
BDO Unibank Inc,https://www.bdo.com.ph/company-disclosures/annual-reports
Anan Shinkin Bank,http://www.anan-shinkin.jp/company_profile/disclosure.html
Diviso Grupo Financiero,http://www.diviso.pe/es/diviso-grupo-financiero/informacion-corporativa/
Southern Pacific Mortgage Limited,https://find-and-update.company-information.service.gov.uk/company/03266119/filing-history
Hokuhoku Financial Group Inc.,http://www.hokuhoku-fg.co.jp/financial/yuukashouken/
Amlak Finance PJSC,https://www.amlakfinance.com/investor-relations/annual-reports/
Banco Central del Uruguay,https://www.bcu.gub.uy/Acerca-de-BCU/Paginas/Estados-Contables-del-BCU.aspx
Public Joint Stock Company MTB Bank,http://www.marfinbank.ua/web/mb-ru.nsf/0/ConsolidatedBalanceSheets
Vdk Bank,https://www.vdk.be/over-vdk/kerncijfers
Woori Bank - Hanoi Branch,https://pib.woori.com.vn/vn/hs/ip/HSIP420_01L.do
GTC Bank Inc,https://www.gtcbank.com/bpti/productos.asp?Option=4&idprod=ESF_GTC
Kvinesdal Sparebank,https://kvinesdalsparebank.no/ombanken/rapporter
Banque Populaire de l'Ouest SA,http://www.ouest.banquepopulaire.fr/portailinternet/Editorial/VotreBanque/Pages/publications.aspx?EditorialVaryLevel=1&EditorialVaryHashPath=486279548
The Finance Company,http://thefinance.lk/download.php#annual_reports
Volksbank Muellheim eG,https://www.volksbank-muellheim.de/wir-fuer-sie/ueber-uns/geschaeftsbericht.html
JSB Kyivska Rus,http://www.kruss.kiev.ua/eng/about/accounting/
Kaspi KZ,https://ir.kaspi.kz/financial-information/
Banco Hipotecario de la Vivienda,http://www.banhvi.fi.cr/transparencia/presupuesto/estados_financieros.aspx
Banca Popolare di Puglia e Basilicata,https://www.bppb.it/investor_relations/risultati-finanziari-dnf/
Tyme Bank,https://www.tymebank.co.za/legal/disclosures/
"G&T Conticredit, S.A.",https://www.gtc.com.gt/seccion-nuestras-empresas#
Cooperativa De Ahorro Y Credito El Sagrario Ltda,https://info.elsagrario.fin.ec/sagrario/?page_id=251
Arab Trade Financing Program,http://www.atfp.org.ae/english/report/reports.htm
AS LPB Bank,https://lpb.lv/en/finansu-informacija/
Banco Mercantil De Investimentos Sa,http://bancobmi.com.br/Paginas/relacoes-com-investidores.aspx
Raiffeisen-Volksbank Hassberge eG,https://www.rvb-hassberge.de/service/rechtliche-hinweise/pflichtinformationen.html
Toyoku Credit Cooperative,https://www.touyoku.shinkumi.jp/keiei.html
Banco Pyme De La Comunidad,https://bco.com.bo/memorias/
Ebi SA,https://www.ecobank.com/ml/personal-banking/countries
Bank Spoldzielczy W Otwocku,http://www.bsotwock.pl/o-banku/sprawozdanie-finansowe
National Savings Bank,http://www.nsb.lk/financial-statements/interim-financial-statements/
Imprebanca SpA,http://www.imprebanca.it/site/home/chi-siamo/informative-al-pubblico.html
Mizuho Financial Group,https://www.mizuho-fg.com/investors/financial/basel/capital/index.html
Steiermärkische Bank und Sparkassen AG,https://www.sparkasse.at/steiermaerkische/wir-ueber-uns/finanzbericht
Natwest Markets N.V.,https://investors.natwestgroup.com/reports-archive/2023.aspx
REBA COMPAÑIA FINANCIERA S.A.,http://www.cnv.gob.ar/InfoFinan/Zips.asp?Lang=0&CodiSoc=5055&DescriSoc=Multifinanzas%20Compa%F1%EDa%20Financiera%20S.A.%20%20%20%20%20%20%20%20%20%20%20%20%20%20%20%20%20&Letra=M&TipoDocum=1&TipoArchivo=1&TipoBalance=2
ORIX Corporation Europe NV,http://www.robeco.com/nl/over-ons/index.jsp
Aquila AG,https://www.aquila.ch/geschaeftsberichte/
"Taipei Fubon Commercial Bank Co., Ltd.",https://www.ir-cloud.com/taiwan/2881/irwebsite_c/annual.php
AXIS Bank Limited,http://www.axisbank.com/investor-corner/annual-reports.aspx
"Cooperativa de Crédito, Poupança e Investimento Valor Sustentável",https://www.sicredi.com.br/html/conheca-o-sicredi/relatorios/?utm_source=menu_topo&utm_medium=topo_site&utm_campaign=relatorios
Banca di Credito Cooperativo dei Colli Albani,https://www.bcccollialbani.it/template/default.asp?i_menuID=55393
Kalika Laghubitta Bittiya Sanstha Limited,http://www.kalikabank.com.np/document/annual-reports
Eurobank Cyprus Ltd,https://www.eurobank.com.cy/en/articles/audited-financial-results
Broager Sparekasse,https://broagersparekasse.dk/Om-Broager-Sparekasse/Regnskaber
Cooperativa de Crédito Noroeste de Minas Ltda,http://www.sicoobnoroeste.com.br/pg.php?id=135
Banco Nacional de Fomento,http://www.bnf.gov.py/transparencia_informativa
KLP Kommunekreditt AS,http://english.klp.no/about-klp/financial-information#1.26993
Banca di Credito Cooperativo di Sant'Elena,http://www.bancapatavina.it/template/default.asp?i_menuID=53363
"CREDITAQUI FINANCEIRA S.A - CREDITO, FINANCIAMENTO E INVESTIMENTO",https://ri.bancomercantil.com.br/
Aresbank SA,http://www.aresbank.es/en/financials/basel-ii-pillar-iii-disclosures.html
Banco John Deere S.A.,https://www.deere.com.br/pt/financiamento/banco-john-deere/relat%C3%B3rios-financeiros/
Bolig- og Naeringskreditt AS,https://www.bnbank.no/Omoss/IR/rapporter/
Stadtsparkasse Herdecke,https://www.sparkasse-hagenherdecke.de/de/home/toolbar/preise-und-hinweise.html?n=true&stref=footer
Banca Monte Parma SpA,https://www.intesasanpaolo.com/it/persone-e-famiglie/bilanci_e_relazioni.html
Liechtensteinische Landesbank AG,https://www.llb.li/en/llb/investors/facts-and-figures/reports
FCMB Group PLC,https://fcmbgroup.gcs-web.com/results-centre
Miteri Development Bank Ltd,https://miteribank.com.np//main/pages/quarterly-reports
Citizens Holding Company,https://www.thecitizensbankphila.com/investor-relations/sec-filings/
Hi Investment Corporation,https://www.vi-ib.com/content/Getcontent.do?content=4000234
National Bank of Kuwait S.A.K.P.,https://www.nbk.com/nbk-group/investor-relations/latest-annual-report.html
Banco di Lucca E Del Tirreno SpA,http://www.bancodilucca.it/ita/Investor-Relations/Bilanci
GCB Bank Limited,https://www.gcbbank.com.gh/downloadables
Grupo Elektra Sab De Cv,http://www.grupoelektra.com.mx/es/resultados-trimestrales
Habib Bank Zurich (Hong Kong) Limited,https://hbzhongkong.com/home/disclosures.html
American Business Bank,https://www.americanbusinessbank.com/NEWS-FINANCIALS/Financial-Reports
Banco Financiera Comercial Hondurena - Banco Ficohsa,https://www.ficohsa.com/hn/banca-personas/informacion-regulatoria/informes-financieros/
Grupo Supervielle S.A.,http://www.cnv.gov.ar/InfoFinan/Zips.asp?Lang=0&CodiSoc=30230&DescriSoc=Grupo%20Supervielle%20S.A.&Letra=_&TipoDocum=1&TipoArchivo=1&TipoBalance=1
Hi-Tech Bank,https://htb.uz/finansovaya-otchetnost
FNB Mozambique SA,http://www.fnb.co.mz/default.aspx?idl=2
Bank Spoldzielczy w Ozarowie Centrala,https://www.bsozarow.pl/o-banku/informacje-o-banku/
Federal Home Loan Bank of New York,https://www.fhlbny.com/about-us/investor-relations/
ING Belgium,https://about.ing.be/A-propos-dING/Press-room/Resultats-financiers.htm
Noble Grossart Ltd,https://find-and-update.company-information.service.gov.uk/company/SC046265/filing-history
Credito Emiliano SpA,https://www.credem.it/content/credem/it/gruppo-credem/investor-relations/dati-finanziari.html
City Bank Ltd,https://www.thecitybank.com/investor-relation
Raiffeisen-Volksbank eG,https://www.meine-rvb.de/service/rechtliche-hinweise/pflichtinformationen.html
Cooperative Bank of Oromia SC,http://www.coopbankoromia.com.et/index.php/en/download/annual-report
Faisal Islamic Bank of Egypt,https://www.faisalbank.com.eg/FIB/arabic/invest-relation.html
Sabah Development Berhad,https://www.sabahdevbank.com/
Citibank NA Bangladesh Branches,https://www.citigroup.com/global/about-us/global-presence/bangladesh
Iller Bankasi A.S.,https://www.ilbank.gov.tr/index.php/raporlar/uc-aylik-ara-donem-raporlari/1
Banco de Desenvolvimento de Minas Gerais SA - BDMG,https://www.bdmg.mg.gov.br/transparencia-documentos/?riscos#
Taiwan Cooperative Bank Public Company,http://www.tcb-bank.com.tw/eng/Information%20Disclosure/Pages/YSF.aspx
Locindus S.A.,http://locindus.fr/rapports-intermediaires/
Triodos Groenfonds NV,http://www.dbs.sc/annual-reports
Standard Chartered Bank Nepal Limited,https://www.sc.com/np/investor_relations/annual-reports/en/
Tokyo Shinkin Bank,http://www.tokyo-shinkin.co.jp/
PT Bank BTPN Tbk,https://www.btpn.com/en/hubungan-investor/laporan-keuangan/laporan-keuangan-publikasi
Volksbank Schwanewede eG,https://www.voba-schwanewede.de/wir-fuer-sie/ueber-uns/zahlen-fakten.html
Bankstown City Credit Union Ltd,https://www.bcub.com.au/about-us-reports-and-regulatory-disclosures.html
First Finance P.L.C,https://www.ase.com.jo/en/disclosures?symbol=FFCO
PKB Privatbank AG,http://www.pkb.ch/media/rapporti_annuali.html
"Banco Autofin México, S.A.",https://www.bancoautofin.mx/estados-financieros
MCB Group Limited,https://www.mcb.mu/en/personal/about-us#17048
Bank Spoldzielczy W Lubartowie,http://bslubartow.pl/strona/index.php/sytuacja-finansowa-banku
Cooperative Bank of Oromia SC,https://coopbankoromia.com.et/1750-2/annual-reports/
Tsuruoka Shinkin Bank,https://www.tsuruoka-sk.jp/disclosure.html
"Raiffeisenbank eG, Moormerland",https://www.raibamol.de/service/rechtliche-hinweise/pflichtinformationen.html
Bremer Landesbank Kreditanstalt Oldenburg - Girozentrale,https://www.bremerlandesbank.de/investor-relations/geschaeftsberichte/
Thai Credit Retail Bank Public Company Limited,http://www.tcrbank.com/%E0%B8%81%E0%B8%B2%E0%B8%A3%E0%B9%80%E0%B8%9B%E0%B8%B4%E0%B8%94%E0%B9%80%E0%B8%9C%E0%B8%A2%E0%B8%82%E0%B9%89%E0%B8%AD%E0%B8%A1%E0%B8%B9%E0%B8%A5%E0%B8%81%E0%B8%B2%E0%B8%A3%E0%B8%94%E0%B8%B3%E0%B8%A3%E0%B8%87%E0%B9%80%E0%B8%87%E0%B8%B4%E0%B8%99%E0%B8%81%E0%B8%AD%E0%B8%87%E0%B8%97%E0%B8%B8%E0%B8%99-Basel_III_%E0%B8%AB%E0%B8%A5%E0%B8%B1%E0%B8%81%E0%B8%81%E0%B8%B2%E0%B8%A3%E0%B8%97%E0%B8%B5%E0%B9%88_3
Cooperativa De Crédito De Livre Admissão De Associados Vale Do Chapecozinho,https://www.sicoob.com.br/web/sicoobvalcredisul/demonstracoes-financeiras
Volksbank Aschaffenburg eG,https://www.voba-aschaffenburg.de/wir-fuer-sie/ueber-uns/zahlen-und-daten.html
VietNam International Commercial Joint Stock Bank - VIB,https://www.vib.com.vn/wps/portal/about/shareholder
Thanh Hoa Microfinance Institution Limited Liability,http://thanhan96.vn/quan-he-co-dong/bao-cao-tai-chinh-39/
Sparkasse Passau,https://www.sparkasse-passau.de/module/ihre_sparkasse/ihre_sparkasse_vor_ort/zahlen_und_fakten/index.php?n=%2Fmodule%2Fihre_sparkasse%2Fihre_sparkasse_vor_ort%2Fzahlen_und_fakten%2F
The Kagoshima Bank Ltd,http://www.kagin.co.jp/investor/zaimu_top/307_kensan.html
Allahabad Bank,https://www.indianbank.in/departments/regulatory-disclosures-section/
"Mitsubishi UFJ Financial Group, Inc.",https://www.mufg.jp/ir/
Piraeus Bank Bulgaria AD,http://www.piraeusbank.bg/piraeus-bank-bulgaria/financial-data/audited-annual-statements/consolidated.html
Finint S.P.A.,https://www.bancafinint.com/it/dati-documenti-societari.php
Sparkasse Bochum,https://www.sparkasse-bochum.de/de/home/toolbar/preise-und-hinweise.html?n=true&stref=footer
Banca di Treviso SpA,http://www.bancatreviso.it/a_ITA_40_1.html
Diler Yatirim Bankasi AS,https://dilerbank.com.tr/TR/yatirimci-iliskileri/finansal-raporlar
Keybridge Capital Limited,https://www.keybridge.com.au/financial_reports.php
First Metro Investment Corporation,http://www.firstmetro.com.ph/investor-relations/sec-disclosures
Schwaebische Bank AG,http://www.schwaebische-bank.de/de/bankhaus/geschaeftsbericht.html
Caja Progressa,https://www.progressa.com.mx/financieros.html
Global Financial Investment Co Saog,http://gfioman.com/wp/gfih/investor-relation/financial-reports/#1573034333792-e7512c91-8c64
Banca 5 SpA,https://group.intesasanpaolo.com/it/investor-relations/bilanci-societa-controllate/2021
Volksbank Oelde - Ennigerloh - Neubeukum eG,https://www.volksbank-eg.de/meine_bank/ueber-uns/zahlen-fakten.html
Banco Votorantim SA,https://www.bancovotorantim.com.br/web/site/investidores/pt/Informacoes_financerias/demonstracoes_contabeis.html
Bayerische Landesbank,https://www.bayernlb.de/internet/de/blb/resp/investor_relations_5/veroeffentlichungen_3/finanzberichte/finanzberichte_1.jsp
First Commerce Bancorp,http://www.firstcommercebank.la/aboutFinReports.cfm
Garanti Filo Yonetim Hizmetleri Anonim Sirketi,https://www.garantibbvafilo.com.tr/tr/yatirimci-iliskileri/raporlar/finansal-raporlar
Högsby Sparbank,https://www.hogsbysparbank.se/om-oss/finansiell-information.html
Intesa Sanpaolo Wealth Management,http://www.quilvest.com/shareholder-information/shareholder-meetings-reports
"Credito Agricola, SGPS, SA",https://www.creditoagricola.pt/institucional/o-grupo-ca/empresas-participadas/ca-sgps
Haitong International Securities Group Limited,http://www.htisec.com/en-us/financial-report
Rietumu Bank Group,https://www.rietumu.com/ru/about-bank/bank-finance/bank-finance-audited
Everest Bank Limited,https://www.everestbankltd.com/financialreports/annual-report/
Yeni Gimat Gayrimenkul Yatirim Ortakligi A.S.,http://www.yenigimatgyo.com.tr/faaliyet-raporlari.aspx
IDB Holding Corporation Ltd,http://www.idb.co.il/Default.aspx?id=259
Arab Investment Company SAA (The),http://www.taic.com/index.php?option=com_content&view=article&id=22&Itemid=7&lang=ar
Westra Wermlands Sparbank,https://www.wwsparbank.se/om-oss/ekonomisk-information.html
Ecobank Côte-d'Ivoire,https://www.brvm.org/fr/rapports-societe-cotes/ecobank-ci
Raiffeisenbank Nidwalden Genossenschaft,https://www.raiffeisen.ch/nidwalden/de.html
Bank of Commerce & Development,https://www.bcd.ly/bcd/reports.html
Banco de Chile SA,https://portales.bancochile.cl/nuestrobanco/es/investor-relations/informacion-financiera/webcast-y-resultados-trimestrales
Bermuda Monetary Authority,http://www.bma.bm/SitePages/Home.aspx
Raiffeisen Bank Zrt,https://www.raiffeisen.hu/raiffeisen-csoport/sajtoszoba/penzugyi-adatok/jelentesek
Powszechna Kasa Oszczednosci Bank Polski SA - PKO BP SA,https://www.pkobp.pl/investor-relations/financial-results-presentations/#category=158073
Habib Bank Limited,http://www.hbl.com/QuarterlyAccounts
Sylter Bank Eg,https://www.sylter-bank.de/wir-fuer-sie/ueber-uns/zahlen-fakten.html
Probashi Kallyan Bank,http://www.pkb.gov.bd/site/view/annual_reports/-
Banco do Brasil S.A.,https://www.bb.com.br/docs/portal/uce/BBChileBalancoTrimestral.pdf
Securities Group Company K.S.C.,https://sg.com.kw/en/financials/quaterly-reports/
Central Coast Credit Union Ltd,http://www.cccu.com.au/prudential-disclosures
Raiffeisenbank Weil Und Umgebung Eg,https://www.rb-weil.de/service/rechtliche-hinweise/pflichtinformationen.html
Bank of Jordan Plc,https://bankofjordan.com/en/financial-statements
Banca di Credito Cooperativo di Borghetto Lodigiano,http://www.bccborghettolodigiano.it/doc2/default.asp?i_menuID=23419&id=508689
Sumitomo Mitsui Finance & Leasing Company Limited,http://www.smfl.co.jp/english/corporate/finance/accounts_smfl/
DUCA Financial Services Credit Union Ltd,https://www.duca.com/about-us/CorporateReports
"Volksbank eG, Syke",https://www.volksbank-syke.de/service/rechtliche-hinweise/pflichtinformationen.html
Bank of Scotland Plc,https://www.lloydsbankinggroup.com/investors/financial-downloads.html
Alpha Bank Romania,https://www.alphabank.ro/about_us/alphabank_romania.htm
Banque Raiffeisen Sarine-Ouest,https://www.raiffeisen.ch/sarine-ouest/fr/qui-sommes-nous/votre-banque-locale/RapportGestion.html
Chailease Finance Co Ltd,https://mops.twse.com.tw/mops/web/t57sb01_q1
Banque Degroof Petercam Luxembourg SA,http://www.degroof.lu/?lang=en#!/page/degroof-luxembourg/annual-report-key-figures
ProCredit Bank (Albania) Sh.A,https://www.procreditbank.com.al/shq/rreth-nesh/informacioni-ligjor/raportet-vjetore/
Banca di Credito Cooperativo Orobica di Bariano e Cologno al Serio,http://www.bccorobica.it/doc/default.asp?i_menuID=21795&i_cartellaID=15968
Yamagata Chuo Credit Cooperative,https://www.yamachuu-ca.co.jp/disclosure.html
Community and Workers of Jamaica Co-operative Credit Union Ltd.,https://www.cwjcu.com/annual-report-archive
Raiffeisenbank Teck eG,https://www.vrbankht.de/Ueberuns/IhreVRBank/Publikationen.html#tab=reiter_-1596325140
Selbu Sparebank,https://www.selbusparebank.no/om-oss/rapporter
CS Alterna Bank,https://www.alternabank.ca/about-us/governance
Cassa di Risparmio della Republica di San Marino,https://www.carisp.sm/bilanci/
The Kumamoto Bank Ltd,https://www.fukuoka-fg.com/investor/library/disclosure/
Musashino Bank,http://www.musashinobank.co.jp/irinfo/financial/kessan/
Raiffeisenbank Grafenwoehr-Kirchenthumbach eG,https://www.rb-onw.de/service1/rechtliche-hinweise/pflichtinformationen.html
Saigon Hanoi Bank Lao Ltd,https://www.shb.la/en/category/information-disclosure/
Atlantic Coast Financial Corporation,http://www.snl.com/irweblinkx/docs.aspx?iid=4086903
California Bancorp,https://www.sec.gov/cgi-bin/browse-edgar?company=california+bancorp&owner=exclude&action=getcompany
Catella Bank SA,https://www.catella.com/en/investor-relations/reports-and-presentations
Cooperativa De Ahorro Y Credito Jesus Nazareno Ltda,https://www.jesus-nazareno.coop/institucional/estados-financieros?anio=2021
DBS BANK (China) Limited,https://www.dbs.com/china-sc/annual-report/default.page
Invest Banca SpA,http://www.investbanca.it/dati-societari/dati-patrimoniali-ed-economici/bilanci/
Volksbank im Bergischen Land eG,https://www.bergische-volksbank.de/wir-fuer-sie/ueber-uns/zahlen-fakten.html
Towa Bank,https://disclosure2.edinet-fsa.go.jp/WEEE0040.aspx?bXVsPVRvd2ErQmFuayZjdGY9b2ZmJmZscz1vbiZscHI9b2ZmJnJwcj1vZmYmb3RoPW9mZiZ5ZXI9Jm1vbj0mcGZzPTcmc2VyPTEmcGFnPTEmc29yPTI=
"Cooperativa De Crédito, Poupança e Investimento do Araguaia e Xingu",https://www.sicredi.com.br/site/sobre-nos/relatorios/demonstracoes-financeiras-cooperativas-central-centro-norte/
Access Bank Botswana Limited,https://www.bancabc.co.bw/financial-disclosures
Kashiwazaki Shinkin Bank,http://www.ksbank.jp/company/report/report.html
Sparkasse Buehl,https://www.spk-buehl.de/de/home/ihre-sparkasse/ihre-sparkasse-vor-ort/berichte.html?n=true&stref=search&q=Jahresabschluss
Mantovabanca 1896 Credito Cooperativo Scrl,http://www.bcconline.it/template/default.asp?i_menuID=37281
I-FINANCIAL SERVICES GROUP LIMITED,https://find-and-update.company-information.service.gov.uk/company/03247336/filing-history
Kita Osaka Shinkin Bank,http://www.kitaosaka-shinkin.co.jp/disclosure/index.html
Banca Don Rizzo -  Credito Cooperativo della Sicilia Occidentale,https://www.bancadonrizzo.it/index.php/basilea2/
Société Générale Sénégal,https://societegenerale.sn/fr/nous-connaitre/chiffres-cles/
Raiffeisenbank Lech-Ammersee Eg,https://www.vrsta.de/wir-fuer-sie/ueber-uns/zahlen-fakten.html
Banco de la Produccion SA - PRODUBANCO,https://www.produbanco.com.ec/normas-de-transparencia/estados-comparativos/
Fundación Dondé Banco,https://www.dondebanco.com/mas-informacion/estados-financieros.html
LFA Förderbank Bayern,http://www.lfa.de/website/de/lfa/zahlen/offenlegungsberichte/index.php
Allied Irish Banks plc,https://aib.ie/investorrelations/financial-information/results-centre/2017
Clearstream International,http://www.clearstream.com/ci/dispatch/en/kir/ci_nav/about_us/040_reports
Dogus Gayrimenkul Yatirim Ortakligi A.S,http://www.dogusgyo.com.tr/en/investor-relations/operational-and-financial-data-reports/annual-reports.aspx
Caixa Geral de Depositos,https://www.cgd.pt/Investor-Relations/Informacao-Financeira/CGD/Relatorios-Contas/Pages/Relatorios-Contas-CGD.aspx
PT. Woori Finance Indonesia Tbk,https://bpfi.co.id/
Canadia Bank Plc,https://www.canadiabank.com.kh/en/financial_report.aspx
Ujjivan Small Finance Bank Limited,https://www.ujjivansfb.in/annual-report
"Moza Banco, S.A.",https://www.mozabanco.co.mz/pt/institucional/informa%C3%A7%C3%A3o/relat%C3%B3rios-de-contas/
HSBC Bank Australia Limited,http://www.about.hsbc.com.au/hsbc-in-australia/financial-disclosures
Central Murray Credit Union Limited,https://www.cmcu.com.au/about_cmcu/regulatory_disclosures/
Sparkasse Elbe - Elster,https://www.spk-elbe-elster.de/de/home/ihre-sparkasse/ihre-sparkasse/daten.html?q=Jahresabschluss&mdidianlass=&mdidiansprache=&n=true&stref=search
HSBC Bank Malta Plc,https://www.about.hsbc.com.mt/investor-relations
Pt Bank Panin Dubai Syariah Tbk,https://paninbanksyariah.co.id/index.php/mtentangkami/laporantahunan
J.P. Morgan SE,https://www.jpmorgan.com/country/de/en/disclosures
Sparebanken Vest,https://www.spv.no/om-oss/investor-relations/risiko-og-kapitalstyring
Volksbank Chemnitz eG,https://www.volksbank-chemnitz.de/wir-fuer-sie/ueber-uns/zahlen-fakten.html
National Bank of Tajikistan,http://www.nbt.tj/en/about/finansovye-otchety.php
Alandsbanken Abp,https://www.alandsbanken.fi/sv/om-oss/for-investerare/finansiell-information-och-publikationer/finansiella-rapporter
Banca Credinvest SA,https://www.credinvest.ch/en/Balance-sheets
Rasmala UK Limited,http://rasmala.com/reports-accounts/
VR Bank Westkuste eG,https://www.vrbank-westkueste.de/Ihre_VR_Bank_Westkueste/Wer_wir_sind/zahlen-fakten.html
Japan Post Bank Co Ltd,http://www.jp-bank.japanpost.jp/en/ir/financial/en_ir_fnc_annualreport.html
Raiffeisenbank Lorup eG,https://www.raiffeisenbank-lorup.de/service/rechtliche-hinweise/pflichtinformationen.html
Saudi Arabian Monetary Agency,http://www.sama.gov.sa/en-US/EconomicReports/Pages/QuarterlyStatistics.aspx
Banca Cassa di risparmio di Savigliano SpA - Banca CRS,https://bancacrs.it/banca/bilanci/
TriCo Bancshares,https://www.tcbk.com/investor-relations/sec-filings
FINANCIERA UENO S.A.E.C.A.,https://www.ueno.com.py/web/guest/informacion-legal
"Multi inversiones Banco Cooperativo de los Trabajadores, S. C. de R. L. de C. V.",http://www.mibanco.com.sv/pages/gobierno-corporativo
Avanza Bank Holding AB,https://investors.avanza.se/ir/rapporter/arsredovisningar-och-delarsrapporter/
Mizrahi Tefahot Bank Ltd.,https://www.mizrahi-tefahot.co.il/en/investor-relations-en/financial-report/
CCB International (Holdings) Limited,http://www.ccbintl.com.hk/Big5/company.html
Wilson Bank Holding Company,https://wilsonbank.q4ir.com/sec-filings/documents/default.aspx
PT Radana Bhaskara Finance Tbk,https://www.radanafinance.co.id/financial-reports
Tinn Sparebank,https://tinnbank.no/ombanken/rapporter
Citigroup Global Markets Japan Inc,https://www.citigroup.jp/en/financial-data/cgmj.html
Cassa Centrale Banca Credito Cooperativo Italiano SpA,https://www.cassacentrale.it/ccbcontent0.jsp?XD=3868&LANGUAGE=IT
Investbank Plc,https://ibank.bg/en/about-us
Istarska Kreditna Bank Umag d.d.,http://www.ikb.hr/hr/godisnja-izvjesca
Safra National Bank of New York,http://www.safra.com/
Banco Citibank,https://corporateportal.brazil.citibank.com/nossos-balancos.htm
Raiffeisenbank Region Hausruck eGen,http://www.raiffeisen.at/eBusiness/01_template1/1010961131803-NA-1083144543765236500-NA-30-NA.html
Shamil Bank of Yemen & Bahrain,http://www.sbyb.net/index.php?option=com_content&view=article&id=88&Itemid=276&lang=en
Raiffeisenbank Freiburg Ost,https://www.raiffeisen.ch/freiburg-ost---fribourg-est/de/ueber-uns/ihre-bank-vor-ort/portrait/zwischenabschluss.html
Central Bank of Azerbaijan Republic,https://www.cbar.az/page-6/annual-reports?language=az
"Berenberg Bank - Joh. Berenberg, Gossler & Co. KG",https://www.berenberg.de/en/publications/
Raiffeisenbank Gilching eG,https://www.raiba-gilching.de/wir-fuer-sie/profil/zahlen.html
Raiffeisenbank Reute- Gaisbeuren eG,https://www.rb-reute-gaisbeuren.de/service/rechtliche-hinweise/pflichtinformationen.html
Regional Australia Bank Ltd,https://www.regionalaustraliabank.com.au/about-us/corporate-documents/reports/prudential-information-disclosures
Banca Popolare delle Province Molisane Societa Cooperativa per Azioni,https://www.bppm.eu/la-banca/basilea-3-terzo-pilastro.html
"Magyar Bancorp, Inc.",https://magbank.q4ir.com/financial-documents/sec-filings/default.aspx
"JSC ""UNEX BANK""",https://unexbank.ua/site/page.php?lang=UA&id_part=3667
Hongkong and Shanghai Banking Corporation Ltd - Offshore Banking Unit,http://www.hsbc.com.bd/1/2/about-us/financial-statement
China Bohai Bank,http://www.cbhb.com.cn/bhbank/S101/enAboutUs/SummaryofAnnualReport/SummaryofAnnualReport/index.htm
Oman Housing Bank (S.A.O.C.),https://www.ohb.co.om/ar/Financial.aspx
"Shinhan Capital Co.,Ltd",https://www.shcap.co.kr/ir/2103.shc?action=m02&board=3303
Bank Ochrony Srodowiska SA - BOS SA,https://www.bosbank.pl/en/Investor-relations/Current-and-periodic-reports
Cooperativa De Crédito De Livre Admissão De Associados Sul Catarinense,https://www.sicredi.com.br/site/sobre-nos/relatorios/gestao-de-riscos-central-sul-sudeste/
Deutsche Bank (Chile) SA,https://www.db.com/chile/en/content/Financial-information.html
Krung Thai Bank Public Company Limited,https://krungthai.com/en/investor-relations/financial-information/pillar-iii-disclosures
Joint-Stock Innovation Commercial Bank Ipak Yuli,https://en.ipakyulibank.uz/about/about-the-bank/to-shareholders-and-investors
Turkiye Ihracat Kredi Bankasi - Turk Eximbank,https://www.eximbank.gov.tr/tr/finansal-bilgiler/finansal-denetim-raporlari
Cooperativa De Crédito E Investimento De Livre Admissão Agroempresarial,https://www.sicredi.com.br/html/conheca-o-sicredi/relatorios/?utm_source=menu_topo&utm_medium=topo_site&utm_campaign=relatorios
Finibanco Angola SA,https://www.finibancoangola.co.ao/pt/institucional/informa%C3%A7%C3%B5es-financeiras/#2020
BANCO RNX SA,https://bancornx.com.br/institucional/informacoes-financeiras/pilar3?#pageContent
Grupo Bolivar S.A,http://www.grupobolivar.com/wps/portal/web/informes/informesfinancieros/informesfinancieros/!ut/p/z1/rZJNc9sgEIZ_Sw4-IkAgCfWmKmniTOI29SS2dPEghG06FiiYWEl-fVdN-jFTt5nOlAuwsOzzvguu8RLXVh7MRgbjrNzBvqrT1WlS3lzMeTr9mM4yMv18ltxdnXOWMILvcI1rZUMftrjaO2V0K1u9b9zOHKRf6f2EGGuUceO8dr57ibys1sZKCyneHQ-Ob_fKtLiK2zhmJFUoF1wh3jYSCUJSBMV4Hq8bqTTBi7dgazgmfxjFmF-_daWCEtnqLJ8JWt58KMpkSkmRz3k-Z5_iy5LixcHoAd9akAL2zf9RwQXBl98Q_iICWhL76_J6Ay_LsEWjb3j53b2fq199PB7Elflyf18X0EBng34MePnfOwhyTNNFg-oiEtFExJlIKKc0ZSwW2chQ2IYJEOP1WnvtowcP324bQv9uQiZkGIZo4x9698oTKddBtIdyvfNB7mCjm9_RJADbHyByQpimQuSUIpplDHGpWiRz0iCR8DZnkjcyaY_hbN0efDmGgfuuE-wJ2ef3M3S-OH1iz1d6UZycfAV4aouB/dz/d5/L2dBISEvZ0FBIS9nQSEh/
Kaspi Bank AO,http://www.kaspibank.kz/?ft=1&type=5
National Bank of Commerce Limited,http://www.nbctz.com/financial-reports/index.html
Kreissparkasse Ravensburg,https://www.kreissparkasse-ravensburg.de/module/ihre_sparkasse/index.php?n=%2Fmodule%2Fihre_sparkasse%2F
Shinhan Bank Kazakhstan JSC,http://www.shinhan.kz/about/finansovaya-otchetnost/otchetnost-za-2018-god/
Cooperativa De Economia E Credito Mutuo Dos Integrantes Do Ministerio Publico Do Rio Grande Do Sul,https://www.sicredi.com.br/site/sobre-nos/relatorios/demonstracoes-financeiras-cooperativas-central-sul-sudeste/
Banca March SA,http://www.bancamarch.es/es/documentacion-corporativa.html
Bank of Israel,http://www.boi.org.il/en/PaymentSystem/Reports/Pages/DinVeheshbon.aspx
Grupo Colfinanzas SA,https://www.colfinanzas.com.pa/informacion-financiera/
Banco do Estado do Espirito Santo S.A. - BANESTES,https://www.banestes.com.br/ri/ri_infoFinanceira_resultado.html
"Ichiyoshi Securities Co., Ltd",http://www.ichiyoshi.co.jp/english/business_results/index.html
Byblos Bank S.A.L.,https://www.byblosbank.com/investor-relations/financial-results
Corporacion Financiera de Desarrollo S.A. - COFIDE,www.cofide.com.pe
Garanti Faktoring A.S,https://www.garantibbvafactoring.com/financial-information.aspx
Raiffeisen-Volksbank Aschaffenburg eG,https://www.raiba-aschaffenburg.de/wir-fuer-sie/ueber-uns/zahlen-fakten.html
Fusion Microfinance Private Limited,https://fusionmicrofinance.com/investor-relations/#annual-reports
Banca di Credito Cooperativo di Marcon - Venezia SCarl,http://www.bccmarconvenezia.it/cat/banca/bilanci
Volksbank Main-Tauber eG,https://www.vobamt.de/wir-fuer-sie/presse/geschaeftsbericht.html
Tri City Bankshares Corporation,https://tcnb.com/investor-relations.html
Raiffeisenbank im Fuldaer Land eG,https://www.rb-grossenlueder.de/wir-fuer-sie/ueber-uns/zahlen-fakten.html
Noor Financial Investment Company,https://noorinvestment.com/page/annual-reports.html
Raiffeisen BANK d.d. Bosna i Hercegovina,https://raiffeisenbank.ba/en/o-nama/publikacije-godisnji-izvjestaji/financial-indicators
Banco BC Sociedad Anónima,https://www.db.com/argentina/en/content/Financial-Statements.html
Bank of Tokyo - Mitsubishi UFJ (Polska) S.A.,http://www.pl.bk.mufg.jp/obtmup/informacje/
Volksbank Raiffeisenbank Bad Kissingen eG,https://www.die-vrbank.de/service/pflichtinformationen.html
Iwata Shinkin Bank,https://hamamatsu-iwata.jp/about/disclosure/
KGI Securities Co Ltd,https://www.kgi.com/kgichhtml/download/365
Raiffeisenbank Frankenhardt - Stimpfach eG,https://www.rb-frankenhardt-stimpfach.de/ihre-raiffeisenbank/ueber-uns/unsere-zahlen.html
Turkiye Vakiflar Bankasi TAO,https://www.vakifbank.com.tr/tas-bank-only.aspx?pageID=644
Kuwait & Middle East Financial Investment Company,http://www.kmefic.com.kw/annual_report.php
Volksbank Vorbach-Tauber eG,https://www.voba-vorbach-tauber.de/service/rechtliche-hinweise/pflichtinformationen.html
The Finance Company,http://thefinance.lk/download.php#quarterly_reports
DAB Bank AG,https://www.unicreditgroup.eu/en/investors/third-pillar-of-basel-2--pillar-3.html
City Holding Company,https://investors.bankatcity.com/documents/default.aspx
Itau Unibanco SA,https://www.itau.com.br/relacoes-com-investidores/ListDocumentos.aspx?idCanal=ecVJpfNwPcx8IoJceJ+C2w==&ano=2020&linguagem=en#
Investment Corporation Of Bangladesh,http://www.icb.gov.bd/site/page/bcd3c7de-cd82-4b08-afd9-141114b0a0d4/-
Nordthüringer Volksbank eG,https://www.nordthueringer-volksbank.de/wir-fuer-sie/ueber-uns/zahlen-fakten.html
GAM Holding AG,https://www.gam.com/en/our-company/investor-relations/results-centre
Bank Mandiri (Persero) Tbk,https://www.bankmandiri.co.id/en/web/ir/quarterly-financials
"Financial Institutions, Inc",https://financialinstitutionsinc.q4ir.com/financials/sec-filings/default.aspx
State Bank of India,https://www.sbi.co.in/portal/web/corporate-governance/annual-report
Euro Bank SA,https://eurobank.pl/o-banku/relacje-inwestorskie/
"Caixa De Crédito Agrícola Mútuo De Arouca, C.R.L.",https://www.creditoagricola.pt/institucional/o-grupo-ca/contactos/caixas/arouca/informacao-financeira#clickScroll
Raiffeisenbank Tuengental eG,https://www.raiba-tuengental.de/service/rechtliche-hinweise/pflichtinformationen.html
GN Bank,https://www.gnbank.net/
BANK OF AFRICA UNITED KINGDOM PLC,http://www.bmce-intl.co.uk/finance.html
Raiffeisenbank Wegenstettertal,https://www.raiffeisen.ch/wegenstettertal/de/ueber-uns/ihre-bank-vor-ort/geschaeftsberichte.html
Raiffeisenbank Eg Simmerath,https://www.raiffeisenbank-simmerath.de/wir-fuer-sie/ueber-uns/zahlen-fakten.html
Nexi Spa,https://www.nexigroup.com/en/investor-relations/results-and-reports/financial-statements/
Postna Banka Slovenije dd,http://www.pbs.si/en/annual_reports.wlgt
Hypo NOE Landesbank AG,http://www.hypolandesbank.at/m029/at/de/content/Ueber_uns/publikationen.shtml
Bank Mestika Dharma,http://www.bankmestika.co.id/index.php/en/reports
BANCA CREDIFARMA S.P.A.,https://www.farbanca.it/governance/risultati-finanziari/
Mizuho Bank (USA),http://www.mizuho-fg.co.jp/english/investors/financial/annual/ar2010_mhfg.html
Banca di Credito Cooperativo Antonello da Messina Societa cooperativa,http://www.bccantonello.it/doc/default.asp?i_menuID=33248&i_cartellaID=29868
Your Neighbourhood Credit Union Ltd,https://www.yncu.com/AboutUs/MediaCentre/AnnualReports/
Vista Bank,http://biciab.bf/fr/pid9010/documents-financiers.html
"Sealand Securities Co., Ltd.",http://www.ghzq.com.cn/views/investornew.html
OP-Asuntoluottopankki Oyj,https://www.op.fi/web/raportit/op-mortgage-bank-publications
Raiffeisen Banka ad Beograd,https://www.raiffeisenbank.rs/izvestaji/
Allianz Bank Financial Advisors S.p.A.,http://www.allianzbank.it/governance-documenti/informativa-pubblico
Phillip Bank PLC,https://www.phillipbank.com.kh/en/pages/latest-report/annual-report
Banisi SA,https://www.banisipanama.com/index.php/estados-financieros-tarifario
Sicoob Credicom - Cooperativa De Economia E Crédito Mútuo Dos Médicos E Profissionais Da Área De Saúde De Minas Gerais Ltda.,http://www.sicoobcredicom.com.br/
Banca Romaneasca S.A.,https://www.banca-romaneasca.ro/en/about-us/shareholders-investors/public-information/
Société Nigerienne de Banque - SONIBANK,https://www.sonibank.com/sonibank/etats-financiers
Bank Spoldzielczy W Nowym Targu,https://www.bsnowytarg.pl/dane-finansowe
BTC Financial Corporation,https://www.ffiec.gov/npw/Institution/Profile/1201671?dt=20160101
NedNamibia Holding Limited,http://www.nedbank.com.na/annual-reports
PT Bank UOB Indonesia,https://www.uob.co.id/about-us/investor-relations/laporan-keuangan/triwulan-perusahaan.page?
Sparkasse Laubach-Hungen,https://www.spk-laubach-hungen.de/de/home/toolbar/preise-und-hinweise.html?n=true&stref=footer
Meldal Sparebank,https://orklasparebank.no/ombanken/rapporter
VR Bank Saarpfalz eG,https://www.vb-saarpfalz.de/service/unternehmensinformation.html#parsys_linkbox_0
Sparebanken Vest Boligkreditt As,https://www.spv.no/om-oss/investor-relations/boligkreditt/financial-reports
Banco Industrial S.A.,https://www.corporacionbi.com/gt/bancoindustrial/estado-de-resultados-condensado
Industrial and Commercial Bank of China (Malaysia) Berhad,http://malaysia.icbc.com.cn/ICBC/%e6%b5%b7%e5%a4%96%e5%88%86%e8%a1%8c/%e9%a9%ac%e6%9d%a5%e8%a5%bf%e4%ba%9a%e7%bd%91%e7%ab%99/en/InformationDisclosure/Pillar3Disclosure/
Banco Pan S.A.,https://www.bancopan.com.br/ir/SitePages/ir.aspx
National Citizen Commercial Joint Stock Bank,https://www.ncb-bank.vn/vi/nha-dau-tu/bao-cao-tai-chinh
"JSC ""Poltava-Bank""",http://www.poltavabank.com/home/index.php?option=com_content&task=category&sectionid=6&id=21&Itemid=125
Capital Small Finance Bank Limited,https://www.capitalbank.co.in/investor-disclosures-pillar-3-disclosures
Dragon Capital (Cyprus) Limited,http://dccl.com.cy/licenses-and-documents/Pillar_III.html
"Home Bancorp Wisconsin, Inc.",https://www.home-savings.com/Our-Story/Investor-Relations
Bürgschaftsbank Schleswig-Holstein Gesellschaft mit beschränkter Haftung,http://www.bb-sh.de/ueber-uns/geschaeftsbericht/
FirstRand Limited,https://www.firstrand.co.za/investors/financial-results/
BGFI Holding Corporation,https://groupebgfibank.com/?s=rapport+annuel+
National Bank of Moldova,https://www.bnm.md/ro/categories/situatiile-financiare-ale-bnm
Marshall & Ilsley Corporation,http://www.micorp.com/mibank/toolframes.cfm?toolID=E5B88B0A-D727-4AC2-89FE6CA67226394B
Chunghwa Post Co Ltd,http://www.post.gov.tw/post/internet/U_english/index.jsp?ID=240106
ECGC Ltd,https://www.ecgc.in/portal/IRDA/fourth_2015.asp
Städtische Sparkasse Offenbach am Main,https://www.sparkasse-offenbach.de/module/jahresabschluss/details/index.php?n=%2fmodule%2fjahresabschluss_nav%2fdetails%2f
Raiffeisenbank Biebergrund-Petersberg eG,https://www.rb-biebergrund-petersberg.de/wir-fuer-sie/ueber-uns/zahlen-fakten.html
Kuortaneen Osuuspankki,https://www.op.fi/web/op-kuortane/pankin-esittely
Public Financial Holdings Limited,https://www.publicfinancial.com.hk/circulars-announcements-en
Omni Banco S.A.,https://www.omni.com.br/institucional
"Caixa De Crédito Agrícola Mútuo Das Serras De Ansião, C.R.L.",https://www.creditoagricola.pt/institucional/o-grupo-ca/contactos/caixas/serras-de-ansiao
Imari Shinkin Bank,http://www.imarishinkin.co.jp/about/disclosure.html
"Start Banregio S.A. de C.V. SOFOM, E.R. Banregio Grupo Financiero",http://investors.banregio.com/financial-information/
Nordea Direct Bank Asa,https://www.nordea.com/en/investor-relations/reports-and-presentations/pillar-3-disclosure/
Railways Credit Union Limited,https://www.mymove.com.au/about/report
First Northern Community Bancorp,https://firstnorthernbank.q4ir.com/financial-information/documents/default.aspx
JSCMB 'Ipoteka bank',https://www.ipotekabank.uz/uz/investors/shai_finain/
Skudenes & Aakra Sparebank,https://skudeaakra.no/om-oss/investorinformasjon-2/
PT Mandiri Tunas Finance,https://www.mtf.co.id/korporat/id/laporan-keuangan-triwulan
Commerzbank Finance & Covered Bond S.A,"http://www.cfcb.lu/myWeb/content/www/CFCB/investorrelations/deckungsstock/archive/Arcive,lang=EN.html"
Bank Rakyat Indonesia (Persero) Tbk,https://www.ir-bri.com/financials.html
Qatar Central Bank,http://www.qcb.gov.qa/English/Publications/ReportsAndStatements/Pages/AnnualReports.aspx